#ctg	length	repeat_bundle_count	repeat_bundle_sum	repeat_bundle_percentage	repeat_bundle_mean	repeat_bundle_min	repeat_bundle_max	non_repeat_bundle_count	non_repeat_bundle_sum	non_repeat_bundle_percentage	non_repeat_bundle_mean	non_repeat_bundle_min	non_repeat_bundle_max	total_bundle_count	total_bundle_coverage_percentage
0000-cA01~tB01_GU182352.1/1201488	201488	8	7867	3.904451	983.375	710	1550	91	161931	80.36757	1779.4615	103	19696	99	84.27202
HG002.maternal.f1_assembly_v2_genbank::HG002#2#JAHKSD010000133.1_592162_708048_0	115886	0	0	0	NA	NA	NA	55	97738	84.33978	1777.0546	143	19696	55	84.33978
HG002.paternal.f1_assembly_v2_genbank::HG002#1#JAHKSE010000050.1_834854_1035842_1	200988	12	9177	4.565944	764.75	103	1550	94	172815	85.98274	1838.4574	143	19696	106	90.54869
HG00438.maternal.f1_assembly_v2_genbank::HG00438#2#JAHBCA010000129.1_837330_1010718_1	173388	2	1694	0.9769996	847	847	847	85	147152	84.86862	1731.2	106	18300	87	85.84562
HG00438.paternal.f1_assembly_v2_genbank::HG00438#1#JAHBCB010000125.1_831763_1005160_1	173397	2	1694	0.97694886	847	847	847	83	148578	85.68661	1790.0964	109	19718	85	86.66355
HG005.maternal.f1_assembly_v2_genbank::HG005#2#JAHEPN010000180.1_299045_472582_0	173537	2	1694	0.9761607	847	847	847	86	154162	88.835236	1792.5814	143	19718	88	89.81139
HG005.paternal.f1_assembly_v2_genbank::HG005#1#JAHEPO010000184.1_835851_1009241_1	173390	4	3551	2.0479844	887.75	847	929	82	137019	79.02359	1670.9634	109	17622	86	81.07157
HG00621.maternal.f1_assembly_v2_genbank::HG00621#2#JAHBCC010000129.1_834402_1007798_1	173396	2	1694	0.97695446	847	847	847	86	150475	86.78113	1749.7094	109	19718	88	87.75808
HG00621.paternal.f1_assembly_v2_genbank::HG00621#1#JAHBCD010000095.1_832775_1006426_1	173651	2	1694	0.97551984	847	847	847	82	146093	84.13024	1781.622	143	19718	84	85.10576
HG00673.maternal.f1_assembly_v2_genbank::HG00673#2#JAHBBY010000043.1_833652_1006972_1	173320	2	1694	0.9773829	847	847	847	80	145069	83.70009	1813.3625	143	17596	82	84.677475
HG00673.paternal.f1_assembly_v2_genbank::HG00673#1#JAHBBZ010000145.1_4590982_4791740_0	200758	12	9177	4.571175	764.75	103	1550	92	166049	82.71102	1804.8805	109	19696	104	87.2822
HG00733.maternal.f1_assembly_v2_genbank::HG00733#2#JAHEPP010000174.1_839180_1011741_1	172561	4	3212	1.8613708	803	720	847	77	134204	77.77192	1742.909	106	17592	81	79.633286
HG00733.paternal.f1_assembly_v2_genbank::HG00733#1#JAHEPQ010000185.1_837774_1104748_1	266974	21	65438	24.511002	3116.0952	239	19718	98	172366	64.56284	1758.8368	103	8766	119	89.073845
HG00735.maternal.f1_assembly_v2_genbank::HG00735#2#JAHBCG010000116.1_298264_471855_0	173591	4	3551	2.045613	887.75	847	929	83	142838	82.28422	1720.9398	107	17622	87	84.329834
HG00735.paternal.f1_assembly_v2_genbank::HG00735#1#JAHBCH010000073.1_17699834_17858412_0	158578	4	2066	1.3028289	516.5	253	781	68	138782	87.516556	2040.9117	106	17592	72	88.81938
HG00741.maternal.f1_assembly_v2_genbank::HG00741#2#JAHALX010000148.1_299082_472811_0	173729	0	0	0	NA	NA	NA	80	144693	83.28661	1808.6625	106	17592	80	83.28661
HG00741.paternal.f1_assembly_v2_genbank::HG00741#1#JAHALY010000117.1_295489_389861_0	94372	0	0	0	NA	NA	NA	51	77789	82.42805	1525.2745	143	6051	51	82.42805
HG01071.maternal.f1_assembly_v2_genbank::HG01071#2#JAHBCE010000131.1_294057_466849_0	172792	4	3551	2.055072	887.75	847	929	83	147305	85.24989	1774.759	143	18306	87	87.30497
HG01071.paternal.f1_assembly_v2_genbank::HG01071#1#JAHBCF010000138.1_297124_470810_0	173686	2	1694	0.97532326	847	847	847	84	153481	88.366936	1827.1548	143	17592	86	89.34226
HG01106.maternal.f1_assembly_v2_genbank::HG01106#2#JAHAMB010000143.1_835026_1008903_1	173877	2	1694	0.9742519	847	847	847	87	157226	90.42369	1807.1954	143	19718	89	91.39794
HG01106.paternal.f1_assembly_v2_genbank::HG01106#1#JAHAMC010000033.1_32274802_32448707_0	173905	2	1694	0.97409505	847	847	847	88	160166	92.09971	1820.0682	143	19718	90	93.07381
HG01109.maternal.f1_assembly_v2_genbank::HG01109#2#JAHEOZ010000237.1_833506_1005248_1	171742	2	1694	0.9863633	847	847	847	68	122454	71.30114	1800.7941	106	17598	70	72.2875
HG01109.paternal.f1_assembly_v2_genbank::HG01109#1#JAHEPA010000078.1_827847_1000560_1	172713	4	3551	2.056012	887.75	847	929	86	156691	90.723335	1821.9884	107	19719	90	92.77935
HG01123.maternal.f1_assembly_v2_genbank::HG01123#2#JAGYYY010000179.1_836349_996464_1	160115	4	2066	1.2903225	516.5	253	781	67	140305	87.62764	2094.1045	106	17592	71	88.91797
HG01123.paternal.f1_assembly_v2_genbank::HG01123#1#JAGYYZ010000061.1_3765814_4015022_0	249208	27	97340	39.059742	3605.1853	103	19696	87	129031	51.77643	1483.115	143	7942	114	90.83617
HG01175.maternal.f1_assembly_v2_genbank::HG01175#2#JAHALZ010000205.1_582788_756441_0	173653	4	3551	2.0448825	887.75	847	929	80	146898	84.592834	1836.225	143	16674	84	86.63772
HG01175.paternal.f1_assembly_v2_genbank::HG01175#1#JAHAMA010000152.1_834331_1021856_1	187525	4	1638	0.87348354	409.5	253	566	77	163478	87.17664	2123.0908	103	19697	81	88.050125
HG01243.maternal.f1_assembly_v2_genbank::HG01243#2#JAHEOX010000171.1_303704_443155_0	139451	6	3444	2.4696846	574	253	913	75	127194	91.21053	1695.92	103	7942	81	93.680214
HG01243.paternal.f1_assembly_v2_genbank::HG01243#1#JAHEOY010000134.1_250253_388917_1	138664	4	1638	1.1812727	409.5	253	566	75	113031	81.514305	1507.08	103	7939	79	82.69558
HG01258.maternal.f1_assembly_v2_genbank::HG01258#2#JAGYYU010000113.1_299534_500592_0	201058	8	6060	3.0140557	757.5	103	1550	89	157365	78.26846	1768.1461	106	19696	97	81.28252
HG01258.paternal.f1_assembly_v2_genbank::HG01258#1#JAGYYV010000133.1_293973_481958_0	187985	6	1844	0.9809293	307.33334	103	566	80	166369	88.50121	2079.6125	143	19696	86	89.48214
HG01358.maternal.f1_assembly_v2_genbank::HG01358#2#JAGYZA010000025.1_833603_973381_1	139778	4	1638	1.1718582	409.5	253	566	76	119945	85.81107	1578.2236	103	7942	80	86.98293
HG01358.paternal.f1_assembly_v2_genbank::HG01358#1#JAGYZB010000106.1_583225_755031_0	171806	2	1694	0.9859958	847	847	847	86	153291	89.22331	1782.4535	143	19718	88	90.209305
HG01361.maternal.f1_assembly_v2_genbank::HG01361#2#JAGYYW010000161.1_835706_1023691_1	187985	6	1844	0.9809293	307.33334	103	566	80	166370	88.50174	2079.625	143	19696	86	89.48267
HG01361.paternal.f1_assembly_v2_genbank::HG01361#1#JAGYYX010000139.1_306218_479585_0	173367	6	5147	2.9688463	857.8333	798	929	80	144288	83.22691	1803.6	143	17594	86	86.195755
HG01891.maternal.f1_assembly_v2_genbank::HG01891#2#JAGYVN010000087.1_298487_517256_0	218769	9	5607	2.5629773	623	239	1606	98	185856	84.95536	1896.4897	143	18274	107	87.51834
HG01891.paternal.f1_assembly_v2_genbank::HG01891#1#JAGYVO010000097.1_5821820_5994947_0	173127	4	3551	2.0510955	887.75	847	929	86	151285	87.38383	1759.1279	143	18304	90	89.43492
HG01928.maternal.f1_assembly_v2_genbank::HG01928#2#JAGYVP010000102.1_834387_1007974_1	173587	2	1694	0.97587955	847	847	847	87	157376	90.66116	1808.9196	143	19718	89	91.63705
HG01928.paternal.f1_assembly_v2_genbank::HG01928#1#JAGYVQ010000107.1_837313_1010900_1	173587	2	1694	0.97587955	847	847	847	87	157376	90.66116	1808.9196	143	19718	89	91.63705
HG01952.maternal.f1_assembly_v2_genbank::HG01952#2#JAHAMD010000124.1_832821_1006198_1	173377	2	1694	0.97706157	847	847	847	85	151048	87.12113	1777.0353	109	19718	87	88.09819
HG01952.paternal.f1_assembly_v2_genbank::HG01952#1#JAHAME010000165.1_299456_517312_0	217856	12	8289	3.804807	690.75	239	1606	96	179266	82.28646	1867.3541	106	17592	108	86.09127
HG01978.maternal.f1_assembly_v2_genbank::HG01978#2#JAGYVR010000134.1_299171_472763_0	173592	4	3290	1.8952487	822.5	798	847	84	155784	89.74146	1854.5714	143	19718	88	91.63671
HG01978.paternal.f1_assembly_v2_genbank::HG01978#1#JAGYVS010000141.1_298020_471549_0	173529	2	1694	0.9762057	847	847	847	87	157225	90.604454	1807.184	143	19718	89	91.58066
HG02055.maternal.f1_assembly_v2_genbank::HG02055#2#JAHEPJ010000212.1_294312_467954_0	173642	2	1694	0.97557044	847	847	847	74	136981	78.887024	1851.0946	106	19717	76	79.862595
HG02055.paternal.f1_assembly_v2_genbank::HG02055#1#JAHEPK010000202.1_834823_1008130_1	173307	4	3002	1.7321862	750.5	720	781	76	135928	78.431915	1788.5264	106	19718	80	80.1641
HG02080.maternal.f1_assembly_v2_genbank::HG02080#2#JAHEOV010000175.1_298705_472089_0	173384	2	1694	0.9770221	847	847	847	85	150619	86.870186	1771.9883	109	19718	87	87.847206
HG02080.paternal.f1_assembly_v2_genbank::HG02080#1#JAHEOW010000218.1_835325_1008709_1	173384	2	1694	0.9770221	847	847	847	85	148835	85.841255	1751	109	19718	87	86.818275
HG02109.maternal.f1_assembly_v2_genbank::HG02109#2#JAHEPF010000275.1_564894_737681_0	172787	6	5147	2.978812	857.8333	798	929	82	150099	86.869385	1830.4756	130	19719	88	89.8482
HG02109.paternal.f1_assembly_v2_genbank::HG02109#1#JAHEPG010000292.1_297663_470197_0	172534	4	3551	2.058145	887.75	847	929	84	144716	83.8768	1722.8096	143	17592	88	85.934944
HG02145.maternal.f1_assembly_v2_genbank::HG02145#2#JAHKSF010000134.1_299596_501273_0	201677	8	5937	2.9438162	742.125	564	839	91	153814	76.267494	1690.2638	143	19718	99	79.21131
HG02145.paternal.f1_assembly_v2_genbank::HG02145#1#JAHKSG010000059.1_837009_1009722_1	172713	4	3551	2.056012	887.75	847	929	85	152518	88.30719	1794.3295	107	19719	89	90.363205
HG02148.maternal.f1_assembly_v2_genbank::HG02148#2#JAHAMF010000230.1_299102_472629_0	173527	2	1694	0.976217	847	847	847	87	156981	90.46488	1804.3793	143	19718	89	91.4411
HG02148.paternal.f1_assembly_v2_genbank::HG02148#1#JAHAMG010000101.1_299903_473487_0	173584	4	3551	2.0456955	887.75	847	929	83	143781	82.83079	1732.3011	143	17622	87	84.87649
HG02257.maternal.f1_assembly_v2_genbank::HG02257#2#JAGYVH010000062.1_563517_782882_0	219365	12	8289	3.7786338	690.75	239	1606	97	175341	79.93117	1807.6392	106	17592	109	83.7098
HG02257.paternal.f1_assembly_v2_genbank::HG02257#1#JAGYVI010000097.1_835548_1036835_1	201287	4	3246	1.6126227	811.5	782	839	90	151259	75.145935	1680.6555	143	17622	94	76.75856
HG02486.maternal.f1_assembly_v2_genbank::HG02486#2#JAGYVL010000159.1_298213_516337_0	218124	12	8289	3.800132	690.75	239	1606	92	171741	78.73549	1866.75	143	17596	104	82.53562
HG02486.paternal.f1_assembly_v2_genbank::HG02486#1#JAGYVM010000136.1_299837_474000_0	174163	4	3551	2.0388947	887.75	847	929	84	155164	89.091255	1847.1904	143	19717	88	91.13015
HG02559.maternal.f1_assembly_v2_genbank::HG02559#2#JAGYVJ010000108.1_300750_473520_0	172770	0	0	0	NA	NA	NA	82	141081	81.65827	1720.5	106	18306	82	81.65827
HG02559.paternal.f1_assembly_v2_genbank::HG02559#1#JAGYVK010000087.1_830572_1003997_1	173425	2	1857	1.0707799	928.5	928	929	85	156553	90.2713	1841.8	106	19717	87	91.34208
HG02572.maternal.f1_assembly_v2_genbank::HG02572#2#JAHAOV010000319.1_200343_373877_1	173534	0	0	0	NA	NA	NA	75	143723	82.821236	1916.3066	106	18303	75	82.821236
HG02572.paternal.f1_assembly_v2_genbank::HG02572#1#JAHAOW010000241.1_3016025_3189642_0	173617	4	3212	1.8500493	803	720	847	79	134632	77.5454	1704.2025	106	17592	83	79.395454
HG02622.maternal.f1_assembly_v2_genbank::HG02622#2#JAHAON010000045.1_18900365_19072869_0	172504	4	3551	2.058503	887.75	847	929	81	147981	85.784096	1826.9259	143	19718	85	87.8426
HG02622.paternal.f1_assembly_v2_genbank::HG02622#1#JAHAOO010000056.1_828830_1050756_1	221926	8	54667	24.632986	6833.375	1498	17913	76	119783	53.974297	1576.0922	103	8766	84	78.607285
HG02630.maternal.f1_assembly_v2_genbank::HG02630#2#JAHAOP010000210.1_837498_1021437_1	183939	18	20796	11.3059225	1155.3334	517	2842	66	111707	60.73046	1692.5303	106	17600	84	72.036385
HG02630.paternal.f1_assembly_v2_genbank::HG02630#1#JAHAOQ010000252.1_834970_1083603_1	248633	29	96948	38.99241	3343.0344	103	19696	76	109299	43.959972	1438.1448	106	7942	105	82.952385
HG02717.maternal.f1_assembly_v2_genbank::HG02717#2#JAHAOR010000162.1_833182_1055109_1	221927	8	54667	24.632875	6833.375	1498	17913	76	119784	53.974506	1576.1052	103	8766	84	78.607376
HG02717.paternal.f1_assembly_v2_genbank::HG02717#1#JAHAOS010000179.1_581404_754061_0	172657	4	3551	2.0566788	887.75	847	929	83	149713	86.71123	1803.7711	107	19719	87	88.76791
HG02723.maternal.f1_assembly_v2_genbank::HG02723#2#JAHEOT010000088.1_37257031_37416820_0	159789	4	2066	1.292955	516.5	253	781	67	141515	88.56367	2112.164	107	17592	71	89.85662
HG02723.paternal.f1_assembly_v2_genbank::HG02723#1#JAHEOU010000160.1_7535997_7693627_0	157630	2	1856	1.1774409	928	927	929	79	137170	87.02024	1736.3291	143	18304	81	88.19768
HG02818.maternal.f1_assembly_v2_genbank::HG02818#2#JAHEOR010000206.1_297095_469917_0	172822	2	1694	0.9801993	847	847	847	75	132036	76.399994	1760.48	106	17592	77	77.380196
HG02818.paternal.f1_assembly_v2_genbank::HG02818#1#JAHEOS010000102.1_833935_1006963_1	173028	4	3551	2.052269	887.75	847	929	85	157365	90.94771	1851.3529	107	19719	89	92.99998
HG02886.maternal.f1_assembly_v2_genbank::HG02886#2#JAHAOT010000133.1_6763675_6937214_0	173539	0	0	0	NA	NA	NA	76	144634	83.3438	1903.079	106	18303	76	83.3438
HG02886.paternal.f1_assembly_v2_genbank::HG02886#1#JAHAOU010000217.1_834195_1035242_1	201047	12	8330	4.1433096	694.1667	103	1550	83	154446	76.82085	1860.7952	106	19696	95	80.96415
HG03098.maternal.f1_assembly_v2_genbank::HG03098#2#JAHEPL010000046.1_835621_1008336_1	172715	4	3551	2.055988	887.75	847	929	86	151584	87.765396	1762.6046	107	19719	90	89.82138
HG03098.paternal.f1_assembly_v2_genbank::HG03098#1#JAHEPM010000188.1_833962_972628_1	138666	4	1638	1.1812557	409.5	253	566	73	114537	82.5992	1569	103	7939	77	83.78045
HG03453.maternal.f1_assembly_v2_genbank::HG03453#2#JAGYVV010000042.1_30798999_30999616_0	200617	2	1130	0.56326234	565	564	566	97	169505	84.491844	1747.4742	107	19719	99	85.05511
HG03453.paternal.f1_assembly_v2_genbank::HG03453#1#JAGYVW010000118.1_837211_1010639_1	173428	2	1857	1.0707613	928.5	928	929	85	157704	90.93341	1855.3412	143	19717	87	92.00417
HG03486.maternal.f1_assembly_v2_genbank::HG03486#2#JAHEOP010000016.1_835223_1007715_1	172492	6	5147	2.9839065	857.8333	798	929	81	148632	86.16747	1834.963	130	19719	87	89.15138
HG03486.paternal.f1_assembly_v2_genbank::HG03486#1#JAHEOQ010000261.1_296362_470004_0	173642	2	1694	0.97557044	847	847	847	74	136231	78.4551	1840.9595	106	19717	76	79.430664
HG03492.maternal.f1_assembly_v2_genbank::HG03492#2#JAHEPH010000299.1_836332_1010235_1	173903	4	3551	2.0419428	887.75	847	929	80	151245	86.970894	1890.5625	143	16674	84	89.01284
HG03492.paternal.f1_assembly_v2_genbank::HG03492#1#JAHEPI010000260.1_834790_1008472_1	173682	2	1857	1.0691954	928.5	928	929	73	123606	71.168	1693.2329	106	17622	75	72.23719
HG03516.maternal.f1_assembly_v2_genbank::HG03516#2#JAGYYS010000151.1_833723_1052135_1	218412	13	8853	4.0533485	681	239	1606	97	177442	81.241875	1829.299	143	18303	110	85.29522
HG03516.paternal.f1_assembly_v2_genbank::HG03516#1#JAGYYT010000024.1_4587110_4759647_0	172537	4	3551	2.0581093	887.75	847	929	83	143531	83.18853	1729.2892	143	17384	87	85.24664
HG03540.maternal.f1_assembly_v2_genbank::HG03540#2#JAGYVX010000033.1_16994016_17133551_0	139535	4	4416	3.1647973	1104	847	1828	63	110035	78.85835	1746.5873	106	17592	67	82.02315
HG03540.paternal.f1_assembly_v2_genbank::HG03540#1#JAGYVY010000043.1_32102279_32275947_0	173668	4	3212	1.8495059	803	720	847	80	140905	81.1347	1761.3125	106	19718	84	82.9842
HG03579.maternal.f1_assembly_v2_genbank::HG03579#2#JAGYVT010000021.1_833327_1051428_1	218101	11	7293	3.3438637	663	239	1606	101	181587	83.25822	1797.8911	106	19718	112	86.60208
HG03579.paternal.f1_assembly_v2_genbank::HG03579#1#JAGYVU010000183.1_581359_755271_0	173912	2	1694	0.9740558	847	847	847	74	134034	77.070015	1811.2703	106	17598	76	78.04407
KIR48JW_10_asm_ctg_m::ctg000000_P_1965_165241_1	163276	12	9177	5.6205444	764.75	103	1550	66	134890	82.614716	2043.7878	237	19696	78	88.23526
KIR48JW_10_asm_ctg_m::ctg000001_P_195_106365_0	106170	0	0	0	NA	NA	NA	36	88934	83.765656	2470.389	174	15808	36	83.765656
KIR48JW_10_asm_ctg_m::ctg000002_P_194_47943_0	47749	0	0	0	NA	NA	NA	25	40206	84.20281	1608.24	211	4859	25	84.20281
KIR48JW_10_asm_ctg_m::ctg000003_P_111_32157_1	32046	0	0	0	NA	NA	NA	20	30095	93.91187	1504.75	443	3932	20	93.91187
KIR48JW_10_asm_ctg_m::ctg000004_P_9154_13974_0	4820	0	0	0	NA	NA	NA	3	3452	71.618256	1150.6666	682	1590	3	71.618256
KIR48JW_10_asm_ctg_m::ctg000005_P_9621_14436_0	4815	0	0	0	NA	NA	NA	3	3454	71.73416	1151.3334	682	1592	3	71.73416
KIR48JW_10_asm_ctg_m::ctg000013_P_180_20400_1	20220	0	0	0	NA	NA	NA	10	18626	92.116714	1862.6	541	3278	10	92.116714
KIR48JW_11_asm_ctg_m::ctg000000_P_1377_137386_1	136009	2	1694	1.2455058	847	847	847	61	120784	88.805885	1980.0656	178	19717	63	90.05139
KIR48JW_11_asm_ctg_m::ctg000001_P_472_32311_0	31839	0	0	0	NA	NA	NA	19	28178	88.501526	1483.0526	337	3932	19	88.501526
KIR48JW_11_asm_ctg_m::ctg000002_P_3743_8693_1	4950	0	0	0	NA	NA	NA	3	2442	49.333332	814	580	1180	3	49.333332
KIR48JW_11_asm_ctg_m::ctg000012_P_132_101571_0	101439	0	0	0	NA	NA	NA	36	78595	77.480064	2183.1943	107	17621	36	77.480064
KIR48JW_12_asm_ctg_m::ctg000000_P_252_164151_0	163899	2	1845	1.1256933	922.5	239	1606	64	122405	74.68319	1912.5781	208	17596	66	75.80888
KIR48JW_12_asm_ctg_m::ctg000001_P_211_135244_0	135033	0	0	0	NA	NA	NA	55	106518	78.88294	1936.6909	178	18305	55	78.88294
KIR48JW_12_asm_ctg_m::ctg000002_P_419_46945_0	46526	0	0	0	NA	NA	NA	27	43542	93.58638	1612.6666	211	4860	27	93.58638
KIR48JW_12_asm_ctg_m::ctg000003_P_203_32249_0	32046	0	0	0	NA	NA	NA	18	24688	77.03925	1371.5555	341	3931	18	77.03925
KIR48JW_12_asm_ctg_m::ctg000004_P_269_5073_1	4804	0	0	0	NA	NA	NA	3	3450	71.815155	1150	682	1587	3	71.815155
KIR48JW_12_asm_ctg_m::ctg000005_P_11617_16567_0	4950	0	0	0	NA	NA	NA	3	2442	49.333332	814	580	1180	3	49.333332
KIR48JW_13_asm_ctg_m::ctg000000_P_246_136098_0	135852	0	0	0	NA	NA	NA	53	104696	77.066216	1975.3962	174	17591	53	77.066216
KIR48JW_13_asm_ctg_m::ctg000001_P_70_32074_0	32004	0	0	0	NA	NA	NA	18	23788	74.32821	1321.5555	443	3932	18	74.32821
KIR48JW_13_asm_ctg_m::ctg000002_P_97_32291_0	32194	0	0	0	NA	NA	NA	20	28538	88.643845	1426.9	443	3932	20	88.643845
KIR48JW_13_asm_ctg_m::ctg000003_P_10814_15770_0	4956	0	0	0	NA	NA	NA	3	3452	69.65295	1150.6666	682	1590	3	69.65295
KIR48JW_13_asm_ctg_m::ctg000004_P_215_4858_1	4643	0	0	0	NA	NA	NA	3	3452	74.34848	1150.6666	682	1590	3	74.34848
KIR48JW_13_asm_ctg_m::ctg000013_P_255_136040_0	135785	4	3551	2.6151636	887.75	847	929	58	121539	89.508415	2095.5	178	16673	62	92.12358
KIR48JW_13_asm_ctg_m::ctg000014_P_7867_14355_1	6488	0	0	0	NA	NA	NA	2	2837	43.72688	1418.5	519	2318	2	43.72688
KIR48JW_13_asm_ctg_m::ctg000033_P_182_11765_0	11583	0	0	0	NA	NA	NA	9	7941	68.557365	882.3333	237	1828	9	68.557365
KIR48JW_14_asm_ctg_m::ctg000000_P_214_136182_0	135968	6	5889	4.3311663	981.5	720	1625	51	101045	74.31528	1981.2745	132	17591	57	78.64645
KIR48JW_14_asm_ctg_m::ctg000001_P_215_134914_1	134699	0	0	0	NA	NA	NA	53	107244	79.617516	2023.4717	174	17590	53	79.617516
KIR48JW_14_asm_ctg_m::ctg000002_P_83_32359_0	32276	0	0	0	NA	NA	NA	19	26656	82.587685	1402.9474	443	3932	19	82.587685
KIR48JW_14_asm_ctg_m::ctg000003_P_384_31991_1	31607	0	0	0	NA	NA	NA	16	23833	75.40418	1489.5625	337	3511	16	75.40418
KIR48JW_14_asm_ctg_m::ctg000004_P_316_5267_1	4951	0	0	0	NA	NA	NA	3	2442	49.323368	814	580	1180	3	49.323368
KIR48JW_14_asm_ctg_m::ctg000005_P_359_5166_1	4807	0	0	0	NA	NA	NA	3	3453	71.83274	1151	682	1591	3	71.83274
KIR48JW_14_asm_ctg_m::ctg000013_P_156_17113_0	16957	0	0	0	NA	NA	NA	6	13782	81.27617	2297	132	7033	6	81.27617
KIR48JW_15_asm_ctg_m::ctg000000_P_2189_135417_1	133228	4	4002	3.003873	1000.5	103	2935	52	113192	84.96112	2176.7693	132	19696	56	87.96499
KIR48JW_15_asm_ctg_m::ctg000001_P_473_47993_0	47520	0	0	0	NA	NA	NA	27	43671	91.90025	1617.4445	211	4859	27	91.90025
KIR48JW_15_asm_ctg_m::ctg000002_P_110_28670_0	28560	0	0	0	NA	NA	NA	10	24386	85.385155	2438.6	703	7135	10	85.385155
KIR48JW_15_asm_ctg_m::ctg000003_P_8349_13301_0	4952	0	0	0	NA	NA	NA	3	2442	49.313408	814	580	1180	3	49.313408
KIR48JW_15_asm_ctg_m::ctg000004_P_307_4950_1	4643	0	0	0	NA	NA	NA	3	3452	74.34848	1150.6666	682	1590	3	74.34848
KIR48JW_15_asm_ctg_m::ctg000017_P_92_77011_0	76919	0	0	0	NA	NA	NA	29	66859	86.92131	2305.4827	178	19717	29	86.92131
KIR48JW_15_asm_ctg_m::ctg000018_P_668_48556_1	47888	0	0	0	NA	NA	NA	27	38983	81.404526	1443.8148	211	4859	27	81.404526
KIR48JW_16_asm_ctg_m::ctg000000_P_249_163523_0	163274	12	9177	5.620613	764.75	103	1550	66	134379	82.30276	2036.0454	132	19695	78	87.92337
KIR48JW_16_asm_ctg_m::ctg000001_P_191_55700_0	55509	2	2677	4.8226414	1338.5	1052	1625	25	35919	64.70843	1436.76	237	7135	27	69.53107
KIR48JW_16_asm_ctg_m::ctg000002_P_451_32241_0	31790	0	0	0	NA	NA	NA	19	28177	88.63479	1483	337	3932	19	88.63479
KIR48JW_16_asm_ctg_m::ctg000003_P_267_32032_0	31765	0	0	0	NA	NA	NA	16	25102	79.024086	1568.875	465	3932	16	79.024086
KIR48JW_16_asm_ctg_m::ctg000004_P_305_5262_1	4957	0	0	0	NA	NA	NA	3	3452	69.63889	1150.6666	682	1590	3	69.63889
KIR48JW_16_asm_ctg_m::ctg000005_P_11835_16523_0	4688	0	0	0	NA	NA	NA	3	3454	73.677475	1151.3334	682	1592	3	73.677475
KIR48JW_16_asm_ctg_m::ctg000016_P_66_20535_1	20469	0	0	0	NA	NA	NA	10	15660	76.505936	1566	713	3512	10	76.505936
KIR48JW_16_asm_ctg_m::ctg000017_P_80_20051_1	19971	0	0	0	NA	NA	NA	14	17422	87.236496	1244.4286	237	4637	14	87.236496
KIR48JW_17_asm_ctg_m::ctg000000_P_1620_137300_1	135680	0	0	0	NA	NA	NA	54	108456	79.93514	2008.4445	174	17591	54	79.93514
KIR48JW_17_asm_ctg_m::ctg000001_P_1982_107325_1	105343	0	0	0	NA	NA	NA	37	94782	89.974655	2561.6758	107	19718	37	89.974655
KIR48JW_17_asm_ctg_m::ctg000002_P_439_48263_1	47824	0	0	0	NA	NA	NA	27	39235	82.0404	1453.1482	181	4860	27	82.0404
KIR48JW_17_asm_ctg_m::ctg000003_P_72_32151_1	32079	0	0	0	NA	NA	NA	19	27864	86.860565	1466.5264	443	3932	19	86.860565
KIR48JW_17_asm_ctg_m::ctg000004_P_413_5220_1	4807	0	0	0	NA	NA	NA	3	2415	50.239235	805	143	1590	3	50.239235
KIR48JW_17_asm_ctg_m::ctg000005_P_7507_12464_0	4957	0	0	0	NA	NA	NA	3	2442	49.263668	814	580	1180	3	49.263668
KIR48JW_17_asm_ctg_m::ctg000009_P_502_19408_0	18906	0	0	0	NA	NA	NA	6	11640	61.567757	1940	239	5951	6	61.567757
KIR48JW_1_asm_ctg_m::ctg000000_P_2422_138330_1	135908	4	3551	2.6127968	887.75	847	929	56	107684	79.23301	1922.9286	132	17621	60	81.84581
KIR48JW_1_asm_ctg_m::ctg000001_P_264_136166_0	135902	0	0	0	NA	NA	NA	56	109491	80.56615	1955.1964	178	19717	56	80.56615
KIR48JW_1_asm_ctg_m::ctg000002_P_391_32247_0	31856	0	0	0	NA	NA	NA	19	27445	86.15331	1444.4736	443	3932	19	86.15331
KIR48JW_1_asm_ctg_m::ctg000003_P_382_32221_0	31839	0	0	0	NA	NA	NA	16	22576	70.906746	1411	443	3177	16	70.906746
KIR48JW_1_asm_ctg_m::ctg000004_P_345_5160_1	4815	0	0	0	NA	NA	NA	3	3452	71.69263	1150.6666	682	1590	3	71.69263
KIR48JW_1_asm_ctg_m::ctg000013_P_3957_8907_1	4950	0	0	0	NA	NA	NA	3	2442	49.333332	814	580	1180	3	49.333332
KIR48JW_1_asm_ctg_m::ctg000014_P_59_19138_0	19079	0	0	0	NA	NA	NA	2	14413	75.54379	7206.5	174	14239	2	75.54379
KIR48JW_25_asm_ctg_m::ctg000000_P_419_135973_1	135554	2	1694	1.2496865	847	847	847	57	118078	87.10772	2071.544	174	17591	59	88.35741
KIR48JW_25_asm_ctg_m::ctg000001_P_133_32165_1	32032	0	0	0	NA	NA	NA	20	28025	87.49063	1401.25	443	3932	20	87.49063
KIR48JW_25_asm_ctg_m::ctg000002_P_314_31923_1	31609	0	0	0	NA	NA	NA	16	25263	79.92344	1578.9375	626	3932	16	79.92344
KIR48JW_25_asm_ctg_m::ctg000003_P_12548_17072_0	4524	0	0	0	NA	NA	NA	3	2417	53.42617	805.6667	143	1592	3	53.42617
KIR48JW_25_asm_ctg_m::ctg000004_P_8361_13049_0	4688	0	0	0	NA	NA	NA	3	2442	52.090443	814	580	1180	3	52.090443
KIR48JW_25_asm_ctg_m::ctg000011_P_167_55132_1	54965	6	5889	10.71409	981.5	720	1625	24	32852	59.768944	1368.8334	237	5953	30	70.48303
KIR48JW_25_asm_ctg_m::ctg000012_P_356_34949_0	34593	0	0	0	NA	NA	NA	12	26278	75.96335	2189.8333	142	7277	12	75.96335
KIR48JW_25_asm_ctg_m::ctg000013_P_519_39857_1	39338	0	0	0	NA	NA	NA	22	29505	75.003815	1341.1364	174	3898	22	75.003815
KIR48JW_25_asm_ctg_m::ctg000014_P_93_17566_0	17473	0	0	0	NA	NA	NA	1	15631	89.45802	15631	15631	15631	1	89.45802
KIR48JW_26_asm_ctg_m::ctg000000_P_69_136009_0	135940	2	1694	1.246138	847	847	847	58	120336	88.52141	2074.7585	174	17591	60	89.76755
KIR48JW_26_asm_ctg_m::ctg000001_P_206_133785_0	133579	2	206	0.15421586	103	103	103	53	119595	89.53129	2256.5095	132	19695	55	89.6855
KIR48JW_26_asm_ctg_m::ctg000002_P_107_35756_0	35649	0	0	0	NA	NA	NA	20	29653	83.18045	1482.65	211	4859	20	83.18045
KIR48JW_26_asm_ctg_m::ctg000003_P_95_31957_1	31862	0	0	0	NA	NA	NA	19	28201	88.50983	1484.2632	337	3932	19	88.50983
KIR48JW_26_asm_ctg_m::ctg000004_P_338_5288_1	4950	0	0	0	NA	NA	NA	3	2442	49.333332	814	580	1180	3	49.333332
KIR48JW_26_asm_ctg_m::ctg000005_P_251_18976_1	18725	0	0	0	NA	NA	NA	9	14318	76.46462	1590.8889	776	3932	9	76.46462
KIR48JW_26_asm_ctg_m::ctg000016_P_113_31123_0	31010	2	206	0.6643018	103	103	103	23	26476	85.37891	1151.1305	211	2839	25	86.04321
KIR48JW_26_asm_ctg_m::ctg000017_P_462_17563_1	17101	0	0	0	NA	NA	NA	11	15806	92.427345	1436.909	465	3932	11	92.427345
KIR48JW_27_asm_ctg_m::ctg000000_P_2010_137915_1	135905	0	0	0	NA	NA	NA	55	108914	80.1398	1980.2545	178	19718	55	80.1398
KIR48JW_27_asm_ctg_m::ctg000001_P_481_48001_0	47520	0	0	0	NA	NA	NA	27	43831	92.23695	1623.3704	211	4859	27	92.23695
KIR48JW_27_asm_ctg_m::ctg000002_P_190_32286_0	32096	0	0	0	NA	NA	NA	19	27412	85.40628	1442.7368	443	3944	19	85.40628
KIR48JW_27_asm_ctg_m::ctg000003_P_290_5247_1	4957	0	0	0	NA	NA	NA	3	3452	69.63889	1150.6666	682	1590	3	69.63889
KIR48JW_27_asm_ctg_m::ctg000004_P_12492_17180_0	4688	0	0	0	NA	NA	NA	3	2442	52.090443	814	580	1180	3	52.090443
KIR48JW_27_asm_ctg_m::ctg000012_P_136_39711_1	39575	0	0	0	NA	NA	NA	7	35608	89.976	5086.857	1039	18305	7	89.976
KIR48JW_28_asm_ctg_m::ctg000000_P_61_136223_0	136162	4	3551	2.607923	887.75	847	929	56	105930	77.797035	1891.6072	107	17621	60	80.40496
KIR48JW_28_asm_ctg_m::ctg000001_P_465_32323_0	31858	0	0	0	NA	NA	NA	19	28326	88.9133	1490.8422	443	3932	19	88.9133
KIR48JW_28_asm_ctg_m::ctg000002_P_76_4896_1	4820	0	0	0	NA	NA	NA	3	3452	71.618256	1150.6666	682	1590	3	71.618256
KIR48JW_28_asm_ctg_m::ctg000003_P_7841_12582_0	4741	0	0	0	NA	NA	NA	3	2442	51.50812	814	580	1180	3	51.50812
KIR48JW_28_asm_ctg_m::ctg000010_P_118_32182_1	32064	0	0	0	NA	NA	NA	17	24352	75.948105	1432.4706	443	3932	17	75.948105
KIR48JW_28_asm_ctg_m::ctg000011_P_183_30398_1	30215	0	0	0	NA	NA	NA	19	26587	87.99272	1399.3158	300	3950	19	87.99272
KIR48JW_28_asm_ctg_m::ctg000012_P_609_21588_1	20979	0	0	0	NA	NA	NA	12	17300	82.46342	1441.6666	237	5954	12	82.46342
KIR48JW_28_asm_ctg_m::ctg000013_P_119_19109_0	18990	0	0	0	NA	NA	NA	8	14619	76.98262	1827.375	107	7339	8	76.98262
KIR48JW_28_asm_ctg_m::ctg000014_P_14029_16831_1	2802	0	0	0	NA	NA	NA	1	2132	76.08851	2132	2132	2132	1	76.08851
KIR48JW_29_asm_ctg_m::ctg000000_P_189_136154_0	135965	4	3551	2.6117015	887.75	847	929	57	114306	84.07017	2005.3684	174	17592	61	86.68187
KIR48JW_29_asm_ctg_m::ctg000001_P_99_32308_0	32209	0	0	0	NA	NA	NA	19	26192	81.318886	1378.5264	443	3932	19	81.318886
KIR48JW_29_asm_ctg_m::ctg000002_P_93_32310_0	32217	0	0	0	NA	NA	NA	19	28111	87.25517	1479.5264	456	3932	19	87.25517
KIR48JW_29_asm_ctg_m::ctg000003_P_7703_12348_0	4645	0	0	0	NA	NA	NA	3	3452	74.31647	1150.6666	682	1590	3	74.31647
KIR48JW_29_asm_ctg_m::ctg000004_P_12551_17239_0	4688	0	0	0	NA	NA	NA	3	3454	73.677475	1151.3334	682	1592	3	73.677475
KIR48JW_29_asm_ctg_m::ctg000015_P_189_48467_0	48278	2	1694	3.5088446	847	847	847	26	40500	83.889145	1557.6923	239	5954	28	87.39799
KIR48JW_29_asm_ctg_m::ctg000016_P_8404_35696_0	27292	0	0	0	NA	NA	NA	11	25670	94.05687	2333.6365	601	7920	11	94.05687
KIR48JW_29_asm_ctg_m::ctg000017_P_103_29176_0	29073	0	0	0	NA	NA	NA	7	24393	83.90259	3484.7144	174	15510	7	83.90259
KIR48JW_29_asm_ctg_m::ctg000018_P_305_16457_0	16152	0	0	0	NA	NA	NA	3	14594	90.35413	4864.6665	2823	7135	3	90.35413
KIR48JW_2_asm_ctg_m::ctg000000_P_280_135957_0	135677	0	0	0	NA	NA	NA	53	109165	80.45947	2059.717	174	17592	53	80.45947
KIR48JW_2_asm_ctg_m::ctg000001_P_290_106356_0	106066	0	0	0	NA	NA	NA	36	90339	85.17244	2509.4167	174	17594	36	85.17244
KIR48JW_2_asm_ctg_m::ctg000002_P_332_48104_0	47772	0	0	0	NA	NA	NA	28	43145	90.31441	1540.8928	211	4859	28	90.31441
KIR48JW_2_asm_ctg_m::ctg000003_P_104_32431_1	32327	0	0	0	NA	NA	NA	21	28830	89.18242	1372.8572	191	3932	21	89.18242
KIR48JW_2_asm_ctg_m::ctg000004_P_4487_9444_1	4957	0	0	0	NA	NA	NA	3	3452	69.63889	1150.6666	682	1590	3	69.63889
KIR48JW_2_asm_ctg_m::ctg000005_P_302_4990_1	4688	0	0	0	NA	NA	NA	3	2442	52.090443	814	580	1180	3	52.090443
KIR48JW_30_asm_ctg_m::ctg000000_P_1278_134863_1	133585	2	206	0.15420893	103	103	103	51	114861	85.98346	2252.1765	132	19695	53	86.137665
KIR48JW_30_asm_ctg_m::ctg000001_P_71_47958_0	47887	0	0	0	NA	NA	NA	27	42460	88.66707	1572.5927	211	4859	27	88.66707
KIR48JW_30_asm_ctg_m::ctg000002_P_9054_14004_0	4950	0	0	0	NA	NA	NA	3	3452	69.73737	1150.6666	682	1590	3	69.73737
KIR48JW_30_asm_ctg_m::ctg000016_P_1999_99539_1	97540	0	0	0	NA	NA	NA	35	80332	82.35801	2295.2	178	19717	35	82.35801
KIR48JW_30_asm_ctg_m::ctg000017_P_61_34661_1	34600	0	0	0	NA	NA	NA	16	31839	92.02023	1989.9375	776	4859	16	92.02023
KIR48JW_30_asm_ctg_m::ctg000018_P_8737_13380_0	4643	0	0	0	NA	NA	NA	3	2415	52.013783	805	143	1590	3	52.013783
KIR48JW_31_asm_ctg_m::ctg000000_P_3064_166327_1	163263	10	8518	5.2173486	851.8	103	2328	60	125405	76.811646	2090.0833	132	19693	70	82.029
KIR48JW_31_asm_ctg_m::ctg000001_P_209_50007_0	49798	0	0	0	NA	NA	NA	22	38174	76.6577	1735.1818	174	11687	22	76.6577
KIR48JW_31_asm_ctg_m::ctg000002_P_3071_38930_1	35859	0	0	0	NA	NA	NA	12	29884	83.33752	2490.3333	253	7920	12	83.33752
KIR48JW_31_asm_ctg_m::ctg000003_P_444_32302_0	31858	0	0	0	NA	NA	NA	19	27320	85.75554	1437.8948	337	3932	19	85.75554
KIR48JW_31_asm_ctg_m::ctg000004_P_175_31974_1	31799	0	0	0	NA	NA	NA	15	21678	68.17195	1445.2	109	3933	15	68.17195
KIR48JW_31_asm_ctg_m::ctg000005_P_129_4949_1	4820	0	0	0	NA	NA	NA	3	3452	71.618256	1150.6666	682	1590	3	71.618256
KIR48JW_31_asm_ctg_m::ctg000006_P_266_5217_1	4951	0	0	0	NA	NA	NA	3	2442	49.323368	814	580	1180	3	49.323368
KIR48JW_31_asm_ctg_m::ctg000018_P_137_65646_1	65509	2	1694	2.5859041	847	847	847	31	57896	88.37869	1867.6129	237	11196	33	90.9646
KIR48JW_32_asm_ctg_m::ctg000000_P_292_136195_0	135903	0	0	0	NA	NA	NA	59	115437	84.94073	1956.5593	178	19717	59	84.94073
KIR48JW_32_asm_ctg_m::ctg000001_P_101_32149_1	32048	0	0	0	NA	NA	NA	18	24690	77.04069	1371.6666	341	3931	18	77.04069
KIR48JW_32_asm_ctg_m::ctg000002_P_375_32214_0	31839	0	0	0	NA	NA	NA	19	28178	88.501526	1483.0526	337	3932	19	88.501526
KIR48JW_32_asm_ctg_m::ctg000003_P_353_5166_1	4813	0	0	0	NA	NA	NA	3	2442	50.737587	814	580	1180	3	50.737587
KIR48JW_32_asm_ctg_m::ctg000004_P_340_5146_1	4806	0	0	0	NA	NA	NA	3	3450	71.78527	1150	682	1587	3	71.78527
KIR48JW_32_asm_ctg_m::ctg000015_P_122_108364_0	108242	0	0	0	NA	NA	NA	43	90319	83.441734	2100.442	178	18305	43	83.441734
KIR48JW_32_asm_ctg_m::ctg000016_P_252_37237_0	36985	2	1694	4.580235	847	847	847	24	32641	88.2547	1360.0416	237	5741	26	92.83493
KIR48JW_32_asm_ctg_m::ctg000017_P_157_4477_1	4320	0	0	0	NA	NA	NA	3	2442	56.52778	814	580	1180	3	56.52778
KIR48JW_33_asm_ctg_m::ctg000000_P_2181_170964_1	168783	24	22310	13.218156	929.5833	455	2012	54	115673	68.53356	2142.0925	103	19694	78	81.75172
KIR48JW_33_asm_ctg_m::ctg000001_P_1305_137077_1	135772	2	1694	1.24768	847	847	847	59	118219	87.07171	2003.7119	132	17591	61	88.31939
KIR48JW_33_asm_ctg_m::ctg000002_P_1584_48107_1	46523	0	0	0	NA	NA	NA	27	43668	93.86325	1617.3334	211	4859	27	93.86325
KIR48JW_33_asm_ctg_m::ctg000003_P_71_31950_1	31879	0	0	0	NA	NA	NA	18	26739	83.87653	1485.5	443	3932	18	83.87653
KIR48JW_33_asm_ctg_m::ctg000004_P_12837_17794_0	4957	0	0	0	NA	NA	NA	3	3452	69.63889	1150.6666	682	1590	3	69.63889
KIR48JW_33_asm_ctg_m::ctg000005_P_118_4931_1	4813	0	0	0	NA	NA	NA	3	2442	50.737587	814	580	1180	3	50.737587
KIR48JW_33_asm_ctg_m::ctg000019_P_250_20628_0	20378	0	0	0	NA	NA	NA	10	17178	84.29679	1717.8	537	6411	10	84.29679
KIR48JW_34_asm_ctg_m::ctg000000_P_3245_139255_1	136010	0	0	0	NA	NA	NA	54	100047	73.55856	1852.7222	132	17621	54	73.55856
KIR48JW_34_asm_ctg_m::ctg000001_P_127_31964_1	31837	0	0	0	NA	NA	NA	19	28174	88.49452	1482.8422	337	3932	19	88.49452
KIR48JW_34_asm_ctg_m::ctg000002_P_438_5179_1	4741	0	0	0	NA	NA	NA	3	2442	51.50812	814	580	1180	3	51.50812
KIR48JW_34_asm_ctg_m::ctg000013_P_569_66500_1	65931	2	1694	2.5693529	847	847	847	30	56012	84.95548	1867.0667	237	11226	32	87.52483
KIR48JW_34_asm_ctg_m::ctg000014_P_9377_46543_0	37166	0	0	0	NA	NA	NA	12	29144	78.41576	2428.6667	107	7937	12	78.41576
KIR48JW_34_asm_ctg_m::ctg000015_P_162_21479_1	21317	0	0	0	NA	NA	NA	12	17251	80.92602	1437.5834	443	3511	12	80.92602
KIR48JW_34_asm_ctg_m::ctg000025_P_60_18190_1	18130	0	0	0	NA	NA	NA	7	13578	74.89244	1939.7142	107	7937	7	74.89244
KIR48JW_35_asm_ctg_m::ctg000000_P_233_164361_0	164128	6	5091	3.1018474	848.5	239	1606	68	128118	78.05981	1884.0883	255	17593	74	81.16165
KIR48JW_35_asm_ctg_m::ctg000001_P_188_136190_0	136002	0	0	0	NA	NA	NA	56	109486	80.50323	1955.1072	178	19717	56	80.50323
KIR48JW_35_asm_ctg_m::ctg000002_P_1621_48143_1	46522	0	0	0	NA	NA	NA	27	43538	93.58583	1612.5186	211	4859	27	93.58583
KIR48JW_35_asm_ctg_m::ctg000003_P_83_17373_1	17290	0	0	0	NA	NA	NA	11	15800	91.3823	1436.3636	465	3932	11	91.3823
KIR48JW_35_asm_ctg_m::ctg000004_P_12600_17550_0	4950	0	0	0	NA	NA	NA	3	2442	49.333332	814	580	1180	3	49.333332
KIR48JW_35_asm_ctg_m::ctg000017_P_57_16881_0	16824	0	0	0	NA	NA	NA	9	13009	77.32406	1445.4445	443	3511	9	77.32406
KIR48JW_35_asm_ctg_m::ctg000018_P_272_14608_0	14336	0	0	0	NA	NA	NA	6	12269	85.58175	2044.8334	913	4639	6	85.58175
KIR48JW_36_asm_ctg_m::ctg000000_P_2322_221130_1	218808	66	155759	71.18524	2359.9849	174	17591	25	39994	18.278126	1599.76	517	3898	91	89.46336
KIR48JW_36_asm_ctg_m::ctg000001_P_375_32210_0	31835	0	0	0	NA	NA	NA	19	28303	88.9053	1489.6316	443	3932	19	88.9053
KIR48JW_36_asm_ctg_m::ctg000002_P_78_32705_1	32627	0	0	0	NA	NA	NA	21	29184	89.44739	1389.7142	237	5741	21	89.44739
KIR48JW_36_asm_ctg_m::ctg000003_P_316_5266_1	4950	0	0	0	NA	NA	NA	3	2442	49.333332	814	580	1180	3	49.333332
KIR48JW_36_asm_ctg_m::ctg000011_P_128_22222_1	22094	0	0	0	NA	NA	NA	13	19750	89.390785	1519.2307	443	3511	13	89.390785
KIR48JW_36_asm_ctg_m::ctg000012_P_441_25313_0	24872	0	0	0	NA	NA	NA	14	20661	83.06931	1475.7858	337	3932	14	83.06931
KIR48JW_36_asm_ctg_m::ctg000013_P_65_21887_0	21822	0	0	0	NA	NA	NA	5	18445	84.52479	3689	1039	6538	5	84.52479
KIR48JW_36_asm_ctg_m::ctg000014_P_183_15530_0	15347	0	0	0	NA	NA	NA	1	13194	85.9712	13194	13194	13194	1	85.9712
KIR48JW_36_asm_ctg_m::ctg000015_P_81_18838_1	18757	0	0	0	NA	NA	NA	15	17346	92.47748	1156.4	237	3788	15	92.47748
KIR48JW_36_asm_ctg_m::ctg000039_P_431_16886_0	16455	0	0	0	NA	NA	NA	10	14437	87.73625	1443.7	465	3933	10	87.73625
KIR48JW_37_asm_ctg_m::ctg000000_P_260_155310_0	155050	21	33783	21.788456	1608.7142	239	5955	52	92974	59.963882	1787.9615	103	19695	73	81.752335
KIR48JW_37_asm_ctg_m::ctg000001_P_251_136145_0	135894	0	0	0	NA	NA	NA	52	100051	73.6243	1924.0577	107	17621	52	73.6243
KIR48JW_37_asm_ctg_m::ctg000002_P_70_87218_0	87148	2	206	0.23637949	103	103	103	44	75295	86.399	1711.25	132	7941	46	86.635376
KIR48JW_37_asm_ctg_m::ctg000003_P_128_32172_1	32044	0	0	0	NA	NA	NA	18	24686	77.03783	1371.4445	341	3931	18	77.03783
KIR48JW_37_asm_ctg_m::ctg000004_P_122_32033_0	31911	0	0	0	NA	NA	NA	16	21409	67.08972	1338.0625	443	3177	16	67.08972
KIR48JW_37_asm_ctg_m::ctg000005_P_12590_17403_0	4813	0	0	0	NA	NA	NA	3	3452	71.72242	1150.6666	682	1590	3	71.72242
KIR48JW_37_asm_ctg_m::ctg000006_P_9661_14466_0	4805	0	0	0	NA	NA	NA	3	3451	71.82102	1150.3334	682	1587	3	71.82102
KIR48JW_37_asm_ctg_m::ctg000019_P_1722_20037_0	18315	0	0	0	NA	NA	NA	10	13962	76.2326	1396.2	341	3515	10	76.2326
KIR48JW_38_asm_ctg_m::ctg000000_P_1776_173414_1	171638	26	28746	16.74804	1105.6154	455	3769	53	112510	65.55075	2122.83	103	19694	79	82.29879
KIR48JW_38_asm_ctg_m::ctg000001_P_467_31819_0	31352	0	0	0	NA	NA	NA	16	24969	79.640854	1560.5625	337	3932	16	79.640854
KIR48JW_38_asm_ctg_m::ctg000002_P_1541_32422_1	30881	0	0	0	NA	NA	NA	17	27786	89.97765	1634.4706	211	3648	17	89.97765
KIR48JW_38_asm_ctg_m::ctg000003_P_355_5306_1	4951	0	0	0	NA	NA	NA	3	2442	49.323368	814	580	1180	3	49.323368
KIR48JW_38_asm_ctg_m::ctg000008_P_278_114487_0	114209	6	5889	5.1563363	981.5	720	1625	46	84355	73.86021	1833.8043	174	17591	52	79.01654
KIR48JW_38_asm_ctg_m::ctg000009_P_281_25870_0	25589	0	0	0	NA	NA	NA	11	20241	79.100395	1840.091	537	5352	11	79.100395
KIR48JW_39_asm_ctg_m::ctg000000_P_1179_164457_1	163278	8	6060	3.7114615	757.5	103	1550	63	127754	78.24324	2027.8413	132	19697	71	81.954704
KIR48JW_39_asm_ctg_m::ctg000001_P_10050_47209_0	37159	0	0	0	NA	NA	NA	11	32199	86.651955	2927.182	703	7919	11	86.651955
KIR48JW_39_asm_ctg_m::ctg000002_P_110_31957_1	31847	0	0	0	NA	NA	NA	17	22291	69.99403	1311.2354	443	3177	17	69.99403
KIR48JW_39_asm_ctg_m::ctg000003_P_275_31912_1	31637	0	0	0	NA	NA	NA	18	26302	83.13683	1461.2222	443	3932	18	83.13683
KIR48JW_39_asm_ctg_m::ctg000004_P_328_5143_1	4815	0	0	0	NA	NA	NA	3	3452	71.69263	1150.6666	682	1590	3	71.69263
KIR48JW_39_asm_ctg_m::ctg000016_P_12338_94829_1	82491	2	1694	2.0535574	847	847	847	34	67131	81.37978	1974.4412	174	17593	36	83.43334
KIR48JW_39_asm_ctg_m::ctg000017_P_8489_13439_0	4950	0	0	0	NA	NA	NA	3	2442	49.333332	814	580	1180	3	49.333332
KIR48JW_3_asm_ctg_m::ctg000000_P_2423_166384_1	163961	10	10758	6.5613165	1075.8	239	2935	67	123758	75.48015	1847.1343	174	17591	77	82.04146
KIR48JW_3_asm_ctg_m::ctg000001_P_1644_48550_1	46906	0	0	0	NA	NA	NA	26	41970	89.47683	1614.2307	211	4859	26	89.47683
KIR48JW_3_asm_ctg_m::ctg000002_P_401_14789_1	14388	0	0	0	NA	NA	NA	9	12457	86.579094	1384.1111	337	3932	9	86.579094
KIR48JW_3_asm_ctg_m::ctg000003_P_8192_12934_0	4742	0	0	0	NA	NA	NA	3	2442	51.497257	814	580	1180	3	51.497257
KIR48JW_3_asm_ctg_m::ctg000005_P_242_5046_1	4804	0	0	0	NA	NA	NA	3	3450	71.815155	1150	682	1587	3	71.815155
KIR48JW_3_asm_ctg_m::ctg000012_P_2278_106157_0	103879	0	0	0	NA	NA	NA	38	91381	87.9687	2404.7632	178	19717	38	87.9687
KIR48JW_3_asm_ctg_m::ctg000013_P_352_27109_1	26757	0	0	0	NA	NA	NA	14	22674	84.74044	1619.5714	211	4860	14	84.74044
KIR48JW_3_asm_ctg_m::ctg000014_P_143_25139_0	24996	0	0	0	NA	NA	NA	11	22397	89.60233	2036.091	776	3932	11	89.60233
KIR48JW_3_asm_ctg_m::ctg000015_P_621_18187_0	17566	0	0	0	NA	NA	NA	12	12498	71.14881	1041.5	369	2242	12	71.14881
KIR48JW_3_asm_ctg_m::ctg000035_P_1881_21742_1	19861	0	0	0	NA	NA	NA	6	15582	78.45526	2597	227	7135	6	78.45526
KIR48JW_40_asm_ctg_m::ctg000000_P_2484_108546_1	106062	0	0	0	NA	NA	NA	36	88932	83.84907	2470.3333	174	15808	36	83.84907
KIR48JW_40_asm_ctg_m::ctg000001_P_1984_58646_1	56662	0	0	0	NA	NA	NA	25	43416	76.62278	1736.64	253	6050	25	76.62278
KIR48JW_40_asm_ctg_m::ctg000002_P_596_48113_1	47517	0	0	0	NA	NA	NA	27	43668	91.89974	1617.3334	211	4859	27	91.89974
KIR48JW_40_asm_ctg_m::ctg000003_P_366_5316_1	4950	0	0	0	NA	NA	NA	3	2442	49.333332	814	580	1180	3	49.333332
KIR48JW_40_asm_ctg_m::ctg000014_P_142_17522_1	17380	0	0	0	NA	NA	NA	9	13889	79.9137	1543.2222	443	3511	9	79.9137
KIR48JW_41_asm_ctg_m::ctg000000_P_3270_139127_1	135857	0	0	0	NA	NA	NA	55	107648	79.23626	1957.2363	174	17593	55	79.23626
KIR48JW_41_asm_ctg_m::ctg000001_P_496_47018_0	46522	0	0	0	NA	NA	NA	27	42997	92.42294	1592.4814	211	4859	27	92.42294
KIR48JW_41_asm_ctg_m::ctg000002_P_12530_17337_0	4807	0	0	0	NA	NA	NA	3	2415	50.239235	805	143	1590	3	50.239235
KIR48JW_41_asm_ctg_m::ctg000014_P_161_76372_1	76211	0	0	0	NA	NA	NA	45	67375	88.405876	1497.2222	103	7942	45	88.405876
KIR48JW_41_asm_ctg_m::ctg000015_P_165_28482_0	28317	0	0	0	NA	NA	NA	15	21437	75.70364	1429.1333	341	3932	15	75.70364
KIR48JW_41_asm_ctg_m::ctg000016_P_568_5310_1	4742	0	0	0	NA	NA	NA	3	2442	51.497257	814	580	1180	3	51.497257
KIR48JW_41_asm_ctg_m::ctg000017_P_203_10004_0	9801	0	0	0	NA	NA	NA	2	7087	72.308945	3543.5	2220	4867	2	72.308945
KIR48JW_42_asm_ctg_m::ctg000000_P_1285_137287_1	136002	6	5889	4.3300834	981.5	720	1625	49	102986	75.723885	2101.7551	178	16673	55	80.05397
KIR48JW_42_asm_ctg_m::ctg000001_P_282_85514_0	85232	0	0	0	NA	NA	NA	47	73970	86.78665	1573.8298	103	7942	47	86.78665
KIR48JW_42_asm_ctg_m::ctg000002_P_1319_48066_1	46747	0	0	0	NA	NA	NA	27	43044	92.078636	1594.2222	211	4859	27	92.078636
KIR48JW_42_asm_ctg_m::ctg000003_P_214_4989_1	4775	0	0	0	NA	NA	NA	3	3452	72.29319	1150.6666	682	1590	3	72.29319
KIR48JW_42_asm_ctg_m::ctg000004_P_88_4894_1	4806	0	0	0	NA	NA	NA	3	3452	71.82688	1150.6666	682	1590	3	71.82688
KIR48JW_42_asm_ctg_m::ctg000012_P_370_17805_1	17435	0	0	0	NA	NA	NA	7	11391	65.3341	1627.2858	713	3279	7	65.3341
KIR48JW_43_asm_ctg_m::ctg000000_P_195_136151_0	135956	2	1694	1.2459913	847	847	847	58	115163	84.70608	1985.569	174	17591	60	85.95207
KIR48JW_43_asm_ctg_m::ctg000001_P_454_32307_0	31853	0	0	0	NA	NA	NA	19	26386	82.836784	1388.7368	341	3932	19	82.836784
KIR48JW_43_asm_ctg_m::ctg000002_P_133_31968_1	31835	0	0	0	NA	NA	NA	19	26028	81.75907	1369.8948	443	3932	19	81.75907
KIR48JW_43_asm_ctg_m::ctg000003_P_1025_50491_1	49466	2	5912	11.951644	2956	1222	4690	21	23358	47.220314	1112.2858	237	3456	23	59.171955
KIR48JW_43_asm_ctg_m::ctg000004_P_9284_14234_0	4950	0	0	0	NA	NA	NA	3	2442	49.333332	814	580	1180	3	49.333332
KIR48JW_43_asm_ctg_m::ctg000005_P_225_4868_1	4643	0	0	0	NA	NA	NA	3	3452	74.34848	1150.6666	682	1590	3	74.34848
KIR48JW_43_asm_ctg_m::ctg000021_P_2470_100649_1	98179	0	0	0	NA	NA	NA	36	89824	91.490036	2495.111	178	16674	36	91.490036
KIR48JW_44_asm_ctg_m::ctg000000_P_1824_137499_1	135675	0	0	0	NA	NA	NA	54	109001	80.33978	2018.537	174	17590	54	80.33978
KIR48JW_44_asm_ctg_m::ctg000001_P_211_106272_0	106061	0	0	0	NA	NA	NA	38	91962	86.7067	2420.0527	174	17593	38	86.7067
KIR48JW_44_asm_ctg_m::ctg000002_P_450_48388_1	47938	0	0	0	NA	NA	NA	27	42832	89.34874	1586.3704	211	4859	27	89.34874
KIR48JW_44_asm_ctg_m::ctg000003_P_131_31983_1	31852	0	0	0	NA	NA	NA	19	27444	86.160995	1444.421	443	3933	19	86.160995
KIR48JW_44_asm_ctg_m::ctg000004_P_318_5268_1	4950	0	0	0	NA	NA	NA	3	2442	49.333332	814	580	1180	3	49.333332
KIR48JW_44_asm_ctg_m::ctg000005_P_8153_12822_0	4669	0	0	0	NA	NA	NA	3	3452	73.93446	1150.6666	682	1590	3	73.93446
KIR48JW_44_asm_ctg_m::ctg000009_P_320_19220_1	18900	0	0	0	NA	NA	NA	7	15489	81.95238	2212.7144	542	4859	7	81.95238
KIR48JW_45_asm_ctg_m::ctg000000_P_1420_137097_1	135677	0	0	0	NA	NA	NA	54	109003	80.34007	2018.5741	174	17591	54	80.34007
KIR48JW_45_asm_ctg_m::ctg000001_P_1127_86351_1	85224	0	0	0	NA	NA	NA	47	77522	90.96264	1649.4043	103	7942	47	90.96264
KIR48JW_45_asm_ctg_m::ctg000002_P_409_46933_0	46524	0	0	0	NA	NA	NA	26	40960	88.04058	1575.3846	211	4859	26	88.04058
KIR48JW_45_asm_ctg_m::ctg000003_P_123_32015_1	31892	0	0	0	NA	NA	NA	19	27393	85.89301	1441.7368	443	3932	19	85.89301
KIR48JW_45_asm_ctg_m::ctg000004_P_7571_12346_0	4775	0	0	0	NA	NA	NA	3	3452	72.29319	1150.6666	682	1590	3	72.29319
KIR48JW_45_asm_ctg_m::ctg000005_P_222_5171_1	4949	0	0	0	NA	NA	NA	3	2442	49.3433	814	580	1180	3	49.3433
KIR48JW_45_asm_ctg_m::ctg000018_P_88_15246_1	15158	0	0	0	NA	NA	NA	7	12646	83.427895	1806.5714	703	3662	7	83.427895
KIR48JW_45_asm_ctg_m::ctg000019_P_284_14260_1	13976	0	0	0	NA	NA	NA	1	8602	61.54837	8602	8602	8602	1	61.54837
KIR48JW_46_asm_ctg_m::ctg000000_P_1517_193061_1	191544	34	32057	16.736103	942.85297	103	2759	60	130302	68.02719	2171.7	132	19695	94	84.76329
KIR48JW_46_asm_ctg_m::ctg000001_P_419_46940_0	46521	0	0	0	NA	NA	NA	27	43368	93.22241	1606.2222	211	4859	27	93.22241
KIR48JW_46_asm_ctg_m::ctg000002_P_13460_18410_0	4950	0	0	0	NA	NA	NA	3	2442	49.333332	814	580	1180	3	49.333332
KIR48JW_46_asm_ctg_m::ctg000014_P_277_43018_0	42741	0	0	0	NA	NA	NA	26	40229	94.12274	1547.2693	211	4859	26	94.12274
KIR48JW_46_asm_ctg_m::ctg000015_P_86_27470_1	27384	0	0	0	NA	NA	NA	7	23063	84.22071	3294.7144	1039	6411	7	84.22071
KIR48JW_46_asm_ctg_m::ctg000016_P_265_30899_0	30634	0	0	0	NA	NA	NA	15	25322	82.65979	1688.1333	132	7942	15	82.65979
KIR48JW_46_asm_ctg_m::ctg000017_P_6584_11534_0	4950	0	0	0	NA	NA	NA	3	3452	69.73737	1150.6666	682	1590	3	69.73737
KIR48JW_46_asm_ctg_m::ctg000018_P_185_17542_1	17357	0	0	0	NA	NA	NA	4	14030	80.83194	3507.5	174	6844	4	80.83194
KIR48JW_46_asm_ctg_m::ctg000019_P_155_22884_0	22729	0	0	0	NA	NA	NA	17	18096	79.61635	1064.4706	103	2839	17	79.61635
KIR48JW_46_asm_ctg_m::ctg000033_P_234_23729_1	23495	0	0	0	NA	NA	NA	13	18985	80.80443	1460.3846	211	4859	13	80.80443
KIR48JW_47_asm_ctg_m::ctg000000_P_217_136066_0	135849	2	1694	1.2469728	847	847	847	58	115164	84.77354	1985.5862	174	17591	60	86.02051
KIR48JW_47_asm_ctg_m::ctg000001_P_379_32216_0	31837	0	0	0	NA	NA	NA	19	26029	81.75707	1369.9474	443	3932	19	81.75707
KIR48JW_47_asm_ctg_m::ctg000002_P_130_32368_0	32238	0	0	0	NA	NA	NA	18	24688	76.58044	1371.5555	341	3931	18	76.58044
KIR48JW_47_asm_ctg_m::ctg000003_P_11212_15856_0	4644	0	0	0	NA	NA	NA	3	2415	52.002583	805	143	1590	3	52.002583
KIR48JW_47_asm_ctg_m::ctg000004_P_7805_12609_0	4804	0	0	0	NA	NA	NA	3	3450	71.815155	1150	682	1587	3	71.815155
KIR48JW_47_asm_ctg_m::ctg000018_P_2229_138123_1	135894	0	0	0	NA	NA	NA	53	96729	71.17974	1825.0754	107	17620	53	71.17974
KIR48JW_48_asm_ctg_m::ctg000000_P_2184_108242_1	106058	0	0	0	NA	NA	NA	36	90334	85.17415	2509.2778	174	17591	36	85.17415
KIR48JW_48_asm_ctg_m::ctg000001_P_461_48229_1	47768	0	0	0	NA	NA	NA	27	41143	86.13088	1523.8148	211	4859	27	86.13088
KIR48JW_48_asm_ctg_m::ctg000002_P_12272_17223_0	4951	0	0	0	NA	NA	NA	3	2442	49.323368	814	580	1180	3	49.323368
KIR48JW_48_asm_ctg_m::ctg000016_P_1669_102602_1	100933	0	0	0	NA	NA	NA	38	88158	87.34309	2319.9473	178	19717	38	87.34309
KIR48JW_48_asm_ctg_m::ctg000017_P_1860_27459_1	25599	0	0	0	NA	NA	NA	14	20790	81.21411	1485	465	3932	14	81.21411
KIR48JW_48_asm_ctg_m::ctg000018_P_9413_14056_0	4643	0	0	0	NA	NA	NA	3	3452	74.34848	1150.6666	682	1590	3	74.34848
KIR48JW_48_asm_ctg_m::ctg000019_P_92_21379_1	21287	0	0	0	NA	NA	NA	13	19285	90.5952	1483.4615	211	4860	13	90.5952
KIR48JW_48_asm_ctg_m::ctg000028_P_107_26885_0	26778	0	0	0	NA	NA	NA	4	22654	84.5993	5663.5	178	18332	4	84.5993
KIR48JW_4_asm_ctg_m::ctg000000_P_240_135864_0	135624	0	0	0	NA	NA	NA	49	94332	69.55406	1925.1428	208	17596	49	69.55406
KIR48JW_4_asm_ctg_m::ctg000001_P_166_66418_0	66252	0	0	0	NA	NA	NA	32	56033	84.57556	1751.0313	178	7263	32	84.57556
KIR48JW_4_asm_ctg_m::ctg000002_P_143_32185_1	32042	0	0	0	NA	NA	NA	19	27608	86.16191	1453.0526	443	3932	19	86.16191
KIR48JW_4_asm_ctg_m::ctg000003_P_232_5189_1	4957	0	0	0	NA	NA	NA	3	3452	69.63889	1150.6666	682	1590	3	69.63889
KIR48JW_4_asm_ctg_m::ctg000004_P_58_19388_1	19330	0	0	0	NA	NA	NA	11	16956	87.718575	1541.4546	847	3944	11	87.718575
KIR48JW_4_asm_ctg_m::ctg000011_P_150_40593_0	40443	0	0	0	NA	NA	NA	9	35189	87.00887	3909.889	178	19718	9	87.00887
KIR48JW_4_asm_ctg_m::ctg000012_P_11189_16139_0	4950	0	0	0	NA	NA	NA	3	2442	49.333332	814	580	1180	3	49.333332
KIR48JW_4_asm_ctg_m::ctg000013_P_148_26968_1	26820	0	0	0	NA	NA	NA	14	15715	58.594334	1122.5	237	3090	14	58.594334
KIR48JW_4_asm_ctg_m::ctg000014_P_101_20707_1	20606	0	0	0	NA	NA	NA	12	18091	87.794815	1507.5834	460	3278	12	87.794815
KIR48JW_5_asm_ctg_m::ctg000000_P_294_191835_0	191541	34	33111	17.286638	973.85297	103	2759	60	133651	69.7767	2227.5166	132	19696	94	87.06335
KIR48JW_5_asm_ctg_m::ctg000001_P_193_135979_0	135786	0	0	0	NA	NA	NA	54	110442	81.335335	2045.2222	174	17591	54	81.335335
KIR48JW_5_asm_ctg_m::ctg000002_P_374_46899_0	46525	0	0	0	NA	NA	NA	27	43670	93.86352	1617.4073	211	4859	27	93.86352
KIR48JW_5_asm_ctg_m::ctg000003_P_386_5337_1	4951	0	0	0	NA	NA	NA	3	2442	49.323368	814	580	1180	3	49.323368
KIR48JW_5_asm_ctg_m::ctg000010_P_134_22655_1	22521	0	0	0	NA	NA	NA	13	18871	83.79291	1451.6154	443	3511	13	83.79291
KIR48JW_5_asm_ctg_m::ctg000011_P_244_17869_0	17625	0	0	0	NA	NA	NA	7	16046	91.04114	2292.2856	103	6843	7	91.04114
KIR48JW_6_asm_ctg_m::ctg000000_P_1929_137934_1	136005	2	1694	1.2455424	847	847	847	62	121564	89.38201	1960.7097	178	19717	64	90.62755
KIR48JW_6_asm_ctg_m::ctg000001_P_145_31977_1	31832	0	0	0	NA	NA	NA	19	26977	84.748055	1419.8422	337	3932	19	84.748055
KIR48JW_6_asm_ctg_m::ctg000002_P_412_5100_1	4688	0	0	0	NA	NA	NA	3	2442	52.090443	814	580	1180	3	52.090443
KIR48JW_6_asm_ctg_m::ctg000003_P_11383_16333_0	4950	0	0	0	NA	NA	NA	3	2442	49.333332	814	580	1180	3	49.333332
KIR48JW_6_asm_ctg_m::ctg000015_P_1789_133570_1	131781	2	1857	1.4091561	928.5	928	929	54	104212	79.07969	1929.8518	107	17621	56	80.48884
KIR48JW_6_asm_ctg_m::ctg000016_P_140_20586_0	20446	0	0	0	NA	NA	NA	10	15397	75.30569	1539.7	541	3511	10	75.30569
KIR48JW_6_asm_ctg_m::ctg000026_P_479_11119_0	10640	0	0	0	NA	NA	NA	3	9296	87.36842	3098.6667	1617	4636	3	87.36842
KIR48JW_7_asm_ctg_m::ctg000000_P_1684_165811_1	164127	6	5092	3.1024754	848.6667	239	1606	70	130459	79.48662	1863.7	174	17591	76	82.589096
KIR48JW_7_asm_ctg_m::ctg000001_P_668_48377_1	47709	0	0	0	NA	NA	NA	26	42168	88.38584	1621.8462	211	4859	26	88.38584
KIR48JW_7_asm_ctg_m::ctg000002_P_11033_15840_0	4807	0	0	0	NA	NA	NA	3	3453	71.83274	1151	682	1591	3	71.83274
KIR48JW_7_asm_ctg_m::ctg000013_P_276_106379_0	106103	0	0	0	NA	NA	NA	37	91493	86.23036	2472.7837	178	19717	37	86.23036
KIR48JW_7_asm_ctg_m::ctg000014_P_524_22211_1	21687	0	0	0	NA	NA	NA	10	14275	65.822845	1427.5	615	3177	10	65.822845
KIR48JW_7_asm_ctg_m::ctg000015_P_1490_27001_1	25511	0	0	0	NA	NA	NA	15	22330	87.53087	1488.6666	211	4859	15	87.53087
KIR48JW_7_asm_ctg_m::ctg000016_P_345_5114_1	4769	0	0	0	NA	NA	NA	3	3452	72.38415	1150.6666	682	1590	3	72.38415
KIR48JW_7_asm_ctg_m::ctg000017_P_69_20717_0	20648	0	0	0	NA	NA	NA	10	15743	76.244675	1574.3	541	2793	10	76.244675
KIR48JW_7_asm_ctg_m::ctg000018_P_7733_22038_0	14305	0	0	0	NA	NA	NA	4	12492	87.32611	3123	781	7920	4	87.32611
KIR48JW_8_asm_ctg_m::ctg000000_P_297_164250_0	163953	6	3724	2.2713826	620.6667	239	839	70	132592	80.871956	1894.1714	174	17591	76	83.14334
KIR48JW_8_asm_ctg_m::ctg000001_P_1641_48164_1	46523	0	0	0	NA	NA	NA	27	43668	93.86325	1617.3334	211	4859	27	93.86325
KIR48JW_8_asm_ctg_m::ctg000002_P_7317_12273_0	4956	0	0	0	NA	NA	NA	3	2442	49.27361	814	580	1180	3	49.27361
KIR48JW_8_asm_ctg_m::ctg000003_P_429_5036_1	4607	0	0	0	NA	NA	NA	3	2442	53.006294	814	580	1180	3	53.006294
KIR48JW_8_asm_ctg_m::ctg000011_P_1249_86491_1	85242	0	0	0	NA	NA	NA	48	78015	91.52178	1625.3125	103	7942	48	91.52178
KIR48JW_8_asm_ctg_m::ctg000012_P_162_34125_1	33963	0	0	0	NA	NA	NA	19	31397	92.44472	1652.4736	211	4860	19	92.44472
KIR48JW_8_asm_ctg_m::ctg000013_P_710_10581_0	9871	0	0	0	NA	NA	NA	3	5496	55.67825	1832	893	3388	3	55.67825
KIR48JW_8_asm_ctg_m::ctg000014_P_66_17718_1	17652	0	0	0	NA	NA	NA	8	16075	91.06617	2009.375	703	3661	8	91.06617
KIR48JW_9_asm_ctg_m::ctg000000_P_2465_138451_1	135986	4	3551	2.6112983	887.75	847	929	60	123311	90.679184	2055.1833	178	16672	64	93.29049
KIR48JW_9_asm_ctg_m::ctg000001_P_122_33239_1	33117	12	17575	53.06942	1464.5834	443	3278	6	6279	18.96005	1046.5	460	1708	18	72.02947
KIR48JW_9_asm_ctg_m::ctg000002_P_261_5211_1	4950	0	0	0	NA	NA	NA	3	2442	49.333332	814	580	1180	3	49.333332
KIR48JW_9_asm_ctg_m::ctg000003_P_219_5025_1	4806	0	0	0	NA	NA	NA	3	3452	71.82688	1150.6666	682	1590	3	71.82688
KIR48JW_9_asm_ctg_m::ctg000012_P_178_113913_1	113735	0	0	0	NA	NA	NA	45	88163	77.51616	1959.1777	174	17591	45	77.51616
KIR48JW_9_asm_ctg_m::ctg000013_P_71_26915_0	26844	0	0	0	NA	NA	NA	15	22767	84.81225	1517.8	541	3932	15	84.81225
NA18906.maternal.f1_assembly_v2_genbank::NA18906#2#JAHEON010000004.1_836385_1009954_1	173569	4	3551	2.0458722	887.75	847	929	84	154286	88.8903	1836.738	106	19717	88	90.93617
NA18906.paternal.f1_assembly_v2_genbank::NA18906#1#JAHEOO010000120.1_530417_703413_0	172996	2	1694	0.9792134	847	847	847	79	141575	81.83715	1792.0886	106	19719	81	82.81637
NA19240.maternal.f1_assembly_v2_genbank::NA19240#2#JAHEOL010000113.1_834677_974018_1	139341	2	768	0.5511658	384	384	384	68	111713	80.172386	1642.8383	143	13785	70	80.72355
NA19240.paternal.f1_assembly_v2_genbank::NA19240#1#JAHEOM010000197.1_297338_481283_0	183945	18	20602	11.200087	1144.5555	517	2842	65	116598	63.387424	1793.8154	106	17600	83	74.58751
NA20129.maternal.f1_assembly_v2_genbank::NA20129#2#JAHEPD010000086.1_577749_765746_0	187997	4	1638	0.8712905	409.5	253	566	85	169615	90.22218	1995.4706	103	19696	89	91.093475
NA20129.paternal.f1_assembly_v2_genbank::NA20129#1#JAHEPE010000012.1_828359_1001784_1	173425	4	3212	1.8520974	803	720	847	78	136063	78.45639	1744.3975	106	17592	82	80.30849
NA21309.maternal.f1_assembly_v2_genbank::NA21309#2#JAHEPB010000212.1_829462_1003197_1	173735	4	3212	1.8487927	803	720	847	77	138612	79.78358	1800.1559	106	17592	81	81.63237
NA21309.paternal.f1_assembly_v2_genbank::NA21309#1#JAHEPC010000306.1_831156_1034050_1	202894	2	1130	0.5569411	565	564	566	96	176086	86.787186	1834.2291	143	19717	98	87.34413
cA01~tA01_GU182338.1/1155286	155286	0	0	0	NA	NA	NA	73	125519	80.83086	1719.4384	106	18306	73	80.83086
cA01~tA01_GU182340.1/1145006	145006	4	3551	2.4488642	887.75	847	929	71	130953	90.30868	1844.4084	178	16674	75	92.75754
cA01~tA01_GU182342.1/1144777	144777	4	3212	2.2185845	803	720	847	62	111319	76.88998	1795.4678	106	18304	66	79.10856
cA01~tA01_GU182344.1/1144839	144839	4	3551	2.4516878	887.75	847	929	71	126910	87.62143	1787.4648	107	19719	75	90.07311
cA01~tA01_GU182346.1/1147359	147359	0	0	0	NA	NA	NA	68	119015	80.76534	1750.2206	106	17592	68	80.76534
cA01~tA01_GU182348.1/1144414	144414	4	3551	2.4589028	887.75	847	929	70	117835	81.595276	1683.3572	107	17622	74	84.05418
cA01~tA01_GU182350.1/1151765	151765	2	1694	1.1161994	847	847	847	76	135852	89.51471	1787.5264	109	19718	78	90.63091
cA01~tA01_GU182354.1/1145054	145054	2	1694	1.167841	847	847	847	73	129890	89.54596	1779.3151	178	19718	75	90.713806
cA01~tA01_GU182356.1/1151486	151486	2	1857	1.2258558	928.5	928	929	76	136169	89.88883	1791.6974	130	19718	78	91.11469
cA01~tA01_GU182358.1/1155974	155974	2	1694	1.0860784	847	847	847	80	140622	90.15733	1757.775	178	19718	82	91.243416
cA01~tA01_GU182360.1/1131510	131510	4	3453	2.625656	863.25	798	929	63	109962	83.61494	1745.4286	106	18303	67	86.24059
cA01~tA01_KP420438.1/1142037	142037	4	3551	2.5000527	887.75	847	929	67	112669	79.3237	1681.6268	107	17623	71	81.82375
cA01~tA01_KP420439.1/1143100	143100	2	1694	1.1837876	847	847	847	68	122740	85.77219	1805	174	17594	70	86.95598
cA01~tA01_KP420442.1/1141674	141674	0	0	0	NA	NA	NA	65	114435	80.77347	1760.5385	106	19717	65	80.77347
cA01~tA01_KP420445.1/1133780	133780	4	3551	2.654358	887.75	847	929	59	102805	76.84631	1742.4576	106	17622	63	79.50067
cA01~tA01_KP420446.1/1142664	142664	0	0	0	NA	NA	NA	61	110552	77.491165	1812.3279	106	19718	61	77.491165
cA01~tA01_KU645195.1/1146570	146570	0	0	0	NA	NA	NA	65	104391	71.222626	1606.0154	106	17622	65	71.222626
cA01~tA01_KU842452.1/1143084	143084	0	0	0	NA	NA	NA	64	108585	75.888985	1696.6406	106	17594	64	75.888985
cA01~tA01_MN167505/1174318	174318	0	0	0	NA	NA	NA	79	140583	80.64744	1779.5316	106	19718	79	80.64744
cA01~tA01_MN167511/1155768	155768	2	1694	1.0875148	847	847	847	76	134879	86.58967	1774.7236	174	16204	78	87.677185
cA01~tA01_MN167512/1144771	144771	4	3551	2.4528394	887.75	847	929	68	123000	84.96177	1808.8235	178	19718	72	87.414604
cA01~tA01_MN167513/1147345	147345	4	3551	2.40999	887.75	847	929	70	126308	85.722626	1804.4	174	17580	74	88.132614
cA01~tA01_MN167514/1149067	149067	2	1694	1.1364018	847	847	847	72	129151	86.639565	1793.7639	178	19723	74	87.77596
cA01~tA01_MN167522/1148652	148652	4	3551	2.3888006	887.75	847	929	75	133376	89.72365	1778.3467	107	19718	79	92.11245
cA01~tA01_MN167523/1137804	137804	2	1694	1.2292821	847	847	847	62	111451	80.876465	1797.5968	106	19722	64	82.10574
cA01~tA01_MN167524/1149229	149229	4	3551	2.3795643	887.75	847	929	77	132696	88.92105	1723.3247	178	19718	81	91.30062
cA01~tA01_NC000019.10/1148971	148971	4	3551	2.3836854	887.75	847	929	72	125035	83.93244	1736.5972	174	15809	76	86.31613
cA01~tA02_MN167507/1110582	110582	2	1694	1.5318949	847	847	847	42	77726	70.28811	1850.619	106	17562	44	71.82001
cA01~tA02_MN167509/1107421	107421	2	1518	1.4131315	759	720	798	47	81416	75.79151	1732.2554	106	17592	49	77.20464
cA01~tA02_MN167516/1102168	102168	2	1694	1.6580534	847	847	847	50	87795	85.93199	1755.9	174	17595	52	87.59005
cA01~tA02_MN167530/1110582	110582	2	1694	1.5318949	847	847	847	42	77726	70.28811	1850.619	106	17562	44	71.82001
cA01~tB01_GU182352.1/1201488	201488	8	7867	3.904451	983.375	710	1550	91	161931	80.36757	1779.4615	103	19696	99	84.27202
cA01~tB01_KU645197.1/1163604	163604	12	9177	5.6092763	764.75	103	1550	72	136406	83.37571	1894.5278	237	19704	84	88.984985
cA01~tB01_MN167504/1171149	171149	12	9177	5.3619947	764.75	103	1550	76	134593	78.64083	1770.9606	109	19695	88	84.00283
cA01~tB01_MN167518/1178642	178642	10	7479	4.1865854	747.9	103	1550	78	151785	84.96602	1945.9615	106	19694	88	89.1526
cA01~tB01_NA24385/1199250	199250	12	9177	4.6057715	764.75	103	1550	93	172624	86.63689	1856.172	191	19695	105	91.24266
cA02~tA03_KU645198.1/181968	81968	2	2677	3.2659087	1338.5	1052	1625	37	56465	68.88664	1526.081	106	7134	39	72.15255
cA03~tB02_KP420443.1/176549	76549	0	0	0	NA	NA	NA	39	63227	82.59677	1621.2051	253	6051	39	82.59677
cB01~tA01_GU182345.1/1203312	203312	8	5043	2.4804242	630.375	239	1606	97	161102	79.23881	1660.8453	174	17622	105	81.71923
cB01~tA01_GU182351.1/1180754	180754	12	8289	4.5857906	690.75	239	1606	73	138744	76.75847	1900.6028	106	17596	85	81.34426
cB01~tA01_GU182357.1/1188735	188735	11	7898	4.1847034	718	239	1606	80	144279	76.44528	1803.4875	165	17622	91	80.62998
cB01~tA01_MN167510/1199689	199689	8	5043	2.525427	630.375	239	1606	93	159036	79.641846	1710.0646	132	17621	101	82.16727
cB01~tA01_MN167517/1188767	188767	12	8289	4.3911276	690.75	239	1606	82	146498	77.60784	1786.561	106	17592	94	81.99897
cB01~tA01_MN167520/1193395	193395	13	8853	4.5776777	681	239	1606	86	159121	82.277725	1850.2441	106	19718	99	86.8554
cB01~tA01_MN167526/1218200	218200	11	6029	2.7630615	548.0909	211	1606	100	188801	86.52658	1888.01	130	19718	111	89.28964
cB01~tB01_GU182339.1/1239295	239295	43	47702	19.934391	1109.3489	239	3769	78	157293	65.731834	2016.5769	103	19696	121	85.66623
cB01~tB01_GU182347.1/1223161	223161	43	47448	21.26178	1103.4419	239	3769	67	142794	63.986988	2131.2537	103	19696	110	85.248764
cB01~tB01_KP420440.1/1217491	217491	43	46900	21.56411	1090.6976	239	3769	66	140089	64.4114	2122.5605	103	19696	109	85.97551
cB01~tB01_MN167515/1232508	232508	43	47110	20.26167	1095.5814	239	3769	76	154196	66.31858	2028.8948	103	19696	119	86.580246
cB01~tB01_MN167519/1236704	236704	41	41013	17.326704	1000.3171	103	2759	82	172778	72.99327	2107.0488	191	19695	123	90.31998
cB01~tB01_MN167525/1236345	236345	42	43436	18.378218	1034.1904	239	2759	70	164113	69.4379	2344.4714	103	19696	112	87.81612
cB02~tA01_GU182341.1/1152848	152848	0	0	0	NA	NA	NA	65	131232	85.85785	2018.9539	174	15809	65	85.85785
cB02~tA01_GU182349.1/1149638	149638	4	2066	1.3806653	516.5	253	781	60	128789	86.06704	2146.4834	106	17596	64	87.44771
cB02~tA01_GU182353.1/1155422	155422	6	3196	2.0563369	532.6667	253	781	61	135621	87.25985	2223.2952	178	19718	67	89.316185
cB02~tA01_KP420444.1/1123747	123747	0	0	0	NA	NA	NA	52	105014	84.861855	2019.5	174	15809	52	84.861855
cB02~tA01_MN167508/1154810	154810	6	7420	4.792972	1236.6666	253	4490	60	118926	76.82062	1982.1	174	17598	66	81.613594
cB02~tA01_MN167528/1127281	127281	4	2066	1.6231802	516.5	253	781	51	108848	85.51787	2134.2744	106	17590	55	87.14105
cB02~tB01_GU182355.1/1160947	160947	6	1844	1.1457188	307.33334	103	566	67	142843	88.75158	2131.985	211	19696	73	89.89729
cB02~tB01_GU182359.1/1164419	164419	4	1638	0.99623525	409.5	253	566	66	139566	84.88435	2114.6365	103	19696	70	85.880585
cB02~tB01_MN167506/1150155	150155	6	3885	2.5873265	647.5	253	1407	60	127395	84.84233	2123.25	103	19696	66	87.42966
cB03~tA01_GU182343.1/1171844	171844	2	1562	0.9089639	781	781	781	82	137639	80.09532	1678.5244	106	17593	84	81.00428
cB03~tA01_MN167521/1201909	201909	0	0	0	NA	NA	NA	89	164876	81.65857	1852.5393	185	17596	89	81.65857
cB03~tA01_MN167527/1169867	169867	0	0	0	NA	NA	NA	83	131543	77.43882	1584.8555	174	17619	83	77.43882
cB03~tA01_MN167529/1201909	201909	0	0	0	NA	NA	NA	89	164876	81.65857	1852.5393	185	17596	89	81.65857
cB04~tB03_KP420441.1/1106087	106087	4	1638	1.5440158	409.5	253	566	60	99406	93.70234	1656.7667	191	7950	64	95.24635
cB05~tB01_NA24385/1199065	199065	16	15156	7.6135936	947.25	103	2012	85	158951	79.84879	1870.0117	191	19695	101	87.46239
cB06~tA01_KP420437.1/1152007	152007	4	2690	1.7696553	672.5	564	781	66	123441	81.20744	1870.3182	178	18306	70	82.9771
chm13_tagged::chr19_chm13_57800045_57975347_0	175302	6	3481	1.9857161	580.1667	239	1606	82	150237	85.70182	1832.1586	143	19718	88	87.68753
hg19_tagged::chr19_gl000209_random_hg19_1140_158998_0	157858	6	1844	1.1681385	307.33334	103	566	68	141355	89.54567	2078.75	191	19696	74	90.713806
hg19_tagged::chr19_hg19_55218923_55392486_0	173563	4	3551	2.045943	887.75	847	929	78	141665	81.62166	1816.2179	143	17594	82	83.6676
hg38_tagged::chr19_GL000209v2_alt_hg38_227_168990_1	168763	6	1844	1.0926566	307.33334	103	566	77	151909	90.013214	1972.8441	143	19696	83	91.10587
hg38_tagged::chr19_GL949751v2_alt_hg38_708547_789466_0	80919	0	0	0	NA	NA	NA	41	65043	80.38038	1586.4147	253	7942	41	80.38038
hg38_tagged::chr19_GL949752v1_alt_hg38_611900_785403_0	173503	2	1694	0.976352	847	847	847	87	154866	89.2584	1780.069	143	19718	89	90.23475
hg38_tagged::chr19_KI270882v1_alt_hg38_732_240416_1	239684	43	47448	19.796064	1103.4419	239	3769	79	158761	66.23763	2009.6329	103	19696	122	86.03369
hg38_tagged::chr19_KI270883v1_alt_hg38_337_162008_1	161671	4	3551	2.196436	887.75	847	929	82	134411	83.138596	1639.1586	107	17622	86	85.33503
hg38_tagged::chr19_KI270884v1_alt_hg38_1638_148662_1	147024	4	2066	1.4052128	516.5	253	781	60	124292	84.53858	2071.5334	106	17596	64	85.943794
hg38_tagged::chr19_KI270885v1_alt_hg38_912_162636_1	161724	2	1694	1.0474635	847	847	847	85	143308	88.6127	1685.9764	109	19718	87	89.660164
hg38_tagged::chr19_KI270886v1_alt_hg38_219_195848_1	195629	12	8289	4.237102	690.75	239	1606	84	153096	78.25834	1822.5714	106	17596	96	82.49544
hg38_tagged::chr19_KI270887v1_alt_hg38_217_200798_1	200581	8	7867	3.9221063	983.375	710	1550	91	160894	80.21398	1768.0659	103	19696	99	84.136086
hg38_tagged::chr19_KI270888v1_alt_hg38_476_146827_1	146351	6	3196	2.183791	532.6667	253	781	61	126004	86.09712	2065.6394	143	19718	67	88.280914
hg38_tagged::chr19_KI270889v1_alt_hg38_603_162307_1	161704	2	1694	1.0475931	847	847	847	85	145464	89.956955	1711.3412	143	19718	87	91.004555
hg38_tagged::chr19_KI270890v1_alt_hg38_592_176108_1	175516	6	1844	1.0506165	307.33334	103	566	78	157209	89.56961	2015.5	143	19696	84	90.62023
hg38_tagged::chr19_KI270891v1_alt_hg38_603_162289_1	161686	2	1857	1.1485225	928.5	928	929	85	148271	91.70306	1744.3647	130	19718	87	92.85158
hg38_tagged::chr19_KI270914v1_alt_hg38_300_196803_1	196503	11	7898	4.019277	718	239	1606	87	150179	76.425804	1726.1954	143	17622	98	80.44508
hg38_tagged::chr19_KI270915v1_alt_hg38_603_162274_1	161671	2	1694	1.047807	847	847	847	86	146133	90.38912	1699.221	143	19718	88	91.43693
hg38_tagged::chr19_KI270916v1_alt_hg38_344_176125_1	175781	4	1638	0.9318413	409.5	253	566	75	150120	85.40172	2001.6	103	19696	79	86.333565
hg38_tagged::chr19_KI270917v1_alt_hg38_236_159977_0	159741	4	3453	2.1616242	863.25	798	929	71	135517	84.83545	1908.6902	106	18303	75	86.99708
hg38_tagged::chr19_KI270919v1_alt_hg38_604_162310_1	161706	4	3551	2.1959605	887.75	847	929	82	136857	84.633224	1668.9878	143	15809	86	86.829185
hg38_tagged::chr19_KI270920v1_alt_hg38_1058_167050_0	165992	0	0	0	NA	NA	NA	73	134314	80.91595	1839.9178	106	18306	73	80.91595
hg38_tagged::chr19_KI270921v1_alt_hg38_5980_251269_0	245289	43	47702	19.447264	1109.3489	239	3769	79	161151	65.69842	2039.8861	103	19696	122	85.14568
hg38_tagged::chr19_KI270922v1_alt_hg38_1648_156980_0	155332	4	3551	2.286071	887.75	847	929	71	138546	89.19347	1951.3522	178	16674	75	91.47954
hg38_tagged::chr19_KI270923v1_alt_hg38_579_158397_0	157818	0	0	0	NA	NA	NA	64	132446	83.923256	2069.4688	174	15809	64	83.923256
hg38_tagged::chr19_KI270929v1_alt_hg38_3110_155248_0	152138	4	3212	2.111241	803	720	847	63	119419	78.493866	1895.5397	106	18304	67	80.60511
hg38_tagged::chr19_KI270930v1_alt_hg38_603_192382_1	191779	2	1562	0.8144792	781	781	781	97	157494	82.12265	1623.6495	106	17593	99	82.93713
hg38_tagged::chr19_KI270931v1_alt_hg38_960_161757_1	160797	4	3551	2.2083745	887.75	847	929	83	141693	88.11918	1707.1445	107	19719	87	90.32755
hg38_tagged::chr19_KI270932v1_alt_hg38_148_207341_1	207193	8	5043	2.4339626	630.375	239	1606	100	165294	79.777794	1652.94	143	17622	108	82.211754
hg38_tagged::chr19_KI270933v1_alt_hg38_603_162146_1	161543	0	0	0	NA	NA	NA	78	131970	81.69342	1691.9231	106	17592	78	81.69342
hg38_tagged::chr19_KI270938v1_alt_hg38_690037_863600_0	173563	4	3551	2.045943	887.75	847	929	78	141665	81.62166	1816.2179	143	17594	82	83.6676
hg38_tagged::chr19_hg38_54706823_54881030_0	174207	4	3551	2.0383797	887.75	847	929	82	145971	83.791695	1780.1342	143	15809	86	85.83008
kir48JW_18_asm_ctg_m::ctg000000_P_204_136081_0	135877	0	0	0	NA	NA	NA	55	112912	83.09869	2052.9456	178	16673	55	83.09869
kir48JW_18_asm_ctg_m::ctg000001_P_496_32354_0	31858	0	0	0	NA	NA	NA	19	26389	82.8332	1388.8948	341	3932	19	82.8332
kir48JW_18_asm_ctg_m::ctg000002_P_408_5149_1	4741	0	0	0	NA	NA	NA	3	2442	51.50812	814	580	1180	3	51.50812
kir48JW_18_asm_ctg_m::ctg000010_P_150_99103_0	98953	0	0	0	NA	NA	NA	35	77701	78.52314	2220.0286	107	17621	35	78.52314
kir48JW_18_asm_ctg_m::ctg000011_P_264_36357_0	36093	0	0	0	NA	NA	NA	16	20909	57.9309	1306.8125	237	3456	16	57.9309
kir48JW_18_asm_ctg_m::ctg000012_P_569_21145_0	20576	0	0	0	NA	NA	NA	10	16869	81.983864	1686.9	341	3932	10	81.983864
kir48JW_18_asm_ctg_m::ctg000013_P_124_14390_1	14266	0	0	0	NA	NA	NA	6	6179	43.31277	1029.8334	375	1667	6	43.31277
kir48JW_19_asm_ctg_m::ctg000000_P_1259_164539_1	163280	6	5854	3.5852523	975.6667	543	1550	66	128526	78.71509	1947.3636	103	19697	72	82.30035
kir48JW_19_asm_ctg_m::ctg000001_P_218_136123_0	135905	2	1694	1.2464589	847	847	847	61	119299	87.78117	1955.7213	178	19716	63	89.027626
kir48JW_19_asm_ctg_m::ctg000002_P_122_31964_1	31842	0	0	0	NA	NA	NA	19	26031	81.75052	1370.0526	443	3932	19	81.75052
kir48JW_19_asm_ctg_m::ctg000003_P_446_32303_0	31857	0	0	0	NA	NA	NA	19	26261	82.434006	1382.1578	337	3932	19	82.434006
kir48JW_19_asm_ctg_m::ctg000004_P_8224_12869_0	4645	0	0	0	NA	NA	NA	3	2415	51.99139	805	143	1590	3	51.99139
kir48JW_19_asm_ctg_m::ctg000011_P_292_5242_1	4950	0	0	0	NA	NA	NA	3	2442	49.333332	814	580	1180	3	49.333332
kir48JW_19_asm_ctg_m::ctg000012_P_168_19264_0	19096	0	0	0	NA	NA	NA	9	12754	66.78886	1417.1111	253	2874	9	66.78886
kir48JW_19_asm_ctg_m::ctg000013_P_140_17528_0	17388	0	0	0	NA	NA	NA	9	16300	93.74281	1811.1111	103	4654	9	93.74281
kir48JW_20_asm_ctg_m::ctg000000_P_188_163569_0	163381	8	6060	3.7091217	757.5	103	1550	64	128728	78.79007	2011.375	191	19696	72	82.49919
kir48JW_20_asm_ctg_m::ctg000001_P_1091_136994_1	135903	2	1694	1.2464772	847	847	847	61	119126	87.65517	1952.8853	178	19717	63	88.90164
kir48JW_20_asm_ctg_m::ctg000002_P_474_32315_0	31841	0	0	0	NA	NA	NA	19	28179	88.49911	1483.1052	337	3932	19	88.49911
kir48JW_20_asm_ctg_m::ctg000003_P_458_5408_1	4950	0	0	0	NA	NA	NA	3	2442	49.333332	814	580	1180	3	49.333332
kir48JW_20_asm_ctg_m::ctg000010_P_195_23193_0	22998	0	0	0	NA	NA	NA	5	15413	67.01887	3082.6	952	6411	5	67.01887
kir48JW_20_asm_ctg_m::ctg000011_P_76_23542_1	23466	0	0	0	NA	NA	NA	13	18732	79.82613	1440.9231	443	3511	13	79.82613
kir48JW_20_asm_ctg_m::ctg000012_P_630_17041_1	16411	0	0	0	NA	NA	NA	10	11868	72.317345	1186.8	211	3388	10	72.317345
kir48JW_20_asm_ctg_m::ctg000013_P_142_18638_0	18496	0	0	0	NA	NA	NA	2	16904	91.39273	8452	6724	10180	2	91.39273
kir48JW_21_asm_ctg_m::ctg000000_P_1971_193274_1	191303	34	31985	16.71955	940.7353	103	2759	59	131485	68.73128	2228.5593	191	19695	93	85.45083
kir48JW_21_asm_ctg_m::ctg000001_P_1548_48070_1	46522	0	0	0	NA	NA	NA	27	43667	93.86312	1617.2963	211	4859	27	93.86312
kir48JW_21_asm_ctg_m::ctg000002_P_135_31872_1	31737	0	0	0	NA	NA	NA	16	21508	67.76948	1344.25	237	3457	16	67.76948
kir48JW_21_asm_ctg_m::ctg000003_P_218_4959_1	4741	0	0	0	NA	NA	NA	3	2442	51.50812	814	580	1180	3	51.50812
kir48JW_21_asm_ctg_m::ctg000008_P_332_31785_0	31453	0	0	0	NA	NA	NA	13	18377	58.42686	1413.6154	237	5955	13	58.42686
kir48JW_21_asm_ctg_m::ctg000009_P_197_45756_1	45559	0	0	0	NA	NA	NA	25	37225	81.70724	1489	191	7942	25	81.70724
kir48JW_21_asm_ctg_m::ctg000010_P_134_25728_0	25594	0	0	0	NA	NA	NA	15	20213	78.97554	1347.5333	341	3511	15	78.97554
kir48JW_21_asm_ctg_m::ctg000011_P_339_17613_0	17274	0	0	0	NA	NA	NA	10	15278	88.44506	1527.8	103	3397	10	88.44506
kir48JW_21_asm_ctg_m::ctg000012_P_127_16832_0	16705	0	0	0	NA	NA	NA	2	12655	75.75576	6327.5	2389	10266	2	75.75576
kir48JW_21_asm_ctg_m::ctg000013_P_297_12079_0	11782	0	0	0	NA	NA	NA	4	10464	88.813446	2616	1039	6412	4	88.813446
kir48JW_22_asm_ctg_m::ctg000000_P_285_164458_0	164173	6	5091	3.1009972	848.5	239	1606	69	124774	76.00153	1808.3188	107	17621	75	79.10253
kir48JW_22_asm_ctg_m::ctg000001_P_460_46986_0	46526	0	0	0	NA	NA	NA	27	43542	93.58638	1612.6666	211	4859	27	93.58638
kir48JW_22_asm_ctg_m::ctg000002_P_137_32156_1	32019	0	0	0	NA	NA	NA	17	24005	74.97111	1412.0588	341	3931	17	74.97111
kir48JW_22_asm_ctg_m::ctg000003_P_8336_13021_0	4685	0	0	0	NA	NA	NA	3	3451	73.66062	1150.3334	682	1589	3	73.66062
kir48JW_22_asm_ctg_m::ctg000005_P_489_5303_1	4814	0	0	0	NA	NA	NA	3	2442	50.727047	814	580	1180	3	50.727047
kir48JW_22_asm_ctg_m::ctg000009_P_1620_104718_1	103098	0	0	0	NA	NA	NA	37	89162	86.482765	2409.7837	174	17591	37	86.482765
kir48JW_22_asm_ctg_m::ctg000010_P_205_53747_1	53542	0	0	0	NA	NA	NA	24	35251	65.838036	1468.7916	237	5954	24	65.838036
kir48JW_23_asm_ctg_m::ctg000000_P_1998_167605_1	165607	24	22605	13.649785	941.875	455	2012	54	117721	71.08456	2180.0186	103	19696	78	84.734344
kir48JW_23_asm_ctg_m::ctg000001_P_199_46953_0	46754	0	0	0	NA	NA	NA	27	42907	91.77183	1589.1482	211	4859	27	91.77183
kir48JW_23_asm_ctg_m::ctg000002_P_7057_11617_0	4560	0	0	0	NA	NA	NA	3	2442	53.55263	814	580	1180	3	53.55263
kir48JW_23_asm_ctg_m::ctg000003_P_7843_12800_0	4957	0	0	0	NA	NA	NA	3	3452	69.63889	1150.6666	682	1590	3	69.63889
kir48JW_23_asm_ctg_m::ctg000009_P_3106_28704_1	25598	0	0	0	NA	NA	NA	14	22031	86.065315	1573.6428	337	3932	14	86.065315
kir48JW_23_asm_ctg_m::ctg000010_P_88_23797_1	23709	0	0	0	NA	NA	NA	11	20618	86.96275	1874.3636	537	6412	11	86.96275
kir48JW_23_asm_ctg_m::ctg000011_P_173_19933_0	19760	0	0	0	NA	NA	NA	13	14349	72.616394	1103.7693	191	2012	13	72.616394
kir48JW_24_asm_ctg_m::ctg000000_P_249_191743_0	191494	34	31888	16.65222	937.8823	103	2759	61	132880	69.391205	2178.3606	132	19695	95	86.04343
kir48JW_24_asm_ctg_m::ctg000001_P_423_46948_0	46525	0	0	0	NA	NA	NA	27	43670	93.86352	1617.4073	211	4859	27	93.86352
kir48JW_24_asm_ctg_m::ctg000002_P_212_32131_1	31919	0	0	0	NA	NA	NA	19	26805	83.978195	1410.7894	443	3931	19	83.978195
kir48JW_24_asm_ctg_m::ctg000003_P_363_5313_1	4950	0	0	0	NA	NA	NA	3	3452	69.73737	1150.6666	682	1590	3	69.73737
kir48JW_24_asm_ctg_m::ctg000007_P_234_163505_0	163271	14	13513	8.276423	965.2143	541	1828	62	123268	75.499016	1988.1936	103	17598	76	83.775444
